corridor,hs6,desc,recent_avg_usd,baseline_avg_usd,growth_pct,z_score,recent_months,score
BR->US,290270,CUMENE,2924631,0,NEW,,"2026-05,2026-06,2026-07",64654.244224413495
BR->US,400122,TECHNICALLY SPECIFIED NATURAL RUBBER (TSNR),1661934,0,NEW,,"2026-05,2026-06,2026-07",62199.91798474628
BR->US,470319,CHEM WDPULP SULFATE EX DISSLVNG GR NONCONIF UNBLCH,688795,0,NEW,,"2026-05,2026-06,2026-07",58375.06176891419
BR->US,721921,FR SS 600MM AO W HR NT CLD OV 10MM THCK,432449,0,NEW,,"2026-05,2026-06,2026-07",56353.716384100524
BR->US,270710,BENZENE,226375,0,NEW,,"2026-05,2026-06,2026-07",53542.929804757834
BR->US,380120,COLLOIDAL OR SEMI-COLLOIDAL GRAPHITE,149133,0,NEW,,"2026-05,2026-06,2026-07",51730.57367568444
BR->US,843830,MACHINERY FOR SUGAR MANUFACTURE,143374,0,NEW,,"2026-05,2026-06,2026-07",51559.55764376174
BR->US,020610,"OFFAL OF BOVINE ANIMALS, EDIBLE, FRESH OR CHILLED",124445,0,NEW,,"2026-05,2026-06,2026-07",50944.6679112715
BR->US,846040,HONING OR LAPPING MACHINES FOR REMOVING METAL,115233,0,NEW,,"2026-05,2026-06,2026-07",50610.71967010262
BR->US,846520,MACHINING CENTERS FOR MACH WORKING HARD MATERIALS,108333,0,NEW,,"2026-05,2026-06,2026-07",50342.58630048586
BR->US,480593,"PPR/PBRD,UNCT,RL/ST, WT 225 G/M2 OR MORE, NESOI",107605,0,NEW,,"2026-05,2026-06,2026-07",50313.30613785552
BR->US,010511,"CHICKENS, LIVE, WEIGHING NOT OVER 185 G EACH",101333,0,NEW,,"2026-05,2026-06,2026-07",50052.51753656202
BR->US,400922,"PIPES, VULC RUB, REINF/COMBO WITH METAL,W/ FITTING",2511462,37876,6530.8,85.98,"2026-05,2026-06,2026-07",319.9963305698279
BR->US,710813,"GOLD, NONMONETARY, SEMIMANUFACTURED FORMS NESOI",2350590,1598,147003.4,656.82,"2026-05,2026-06,2026-07",318.5588442111228
BR->US,721499,"BARS,RODS,IRN,NOAL,HOT-ROLLED,-DRAWN-EXTRUDE,NESOI",1132696,245,462225.0,1393.66,"2026-05,2026-06,2026-07",302.70567473261514
BR->US,842549,"JACKS, NESOI; HOISTS FOR RAISING VEHICLES, NESOI",248333,209,118672.4,357.81,"2026-05,2026-06,2026-07",269.75175090143154
BR->US,720292,FERROVANADIUM,1710359,12525,13555.6,40.87,"2026-05,2026-06,2026-07",254.75601589852872
BR->US,300212,ANTISERA AND OTHER BLOOD FRACTIONS,1579829,69078,2187.0,35.32,"2026-05,2026-06,2026-07",218.92378748761803
BR->US,730511,"PIPE, OIL LINE ETC OV16IN IR ST, LONG SUB ARC WELD",262953,2097,12439.5,37.51,"2026-05,2026-06,2026-07",203.28071411901846
BR->US,970400,"POSTAGE OR REVENUE STAMPS, FIRSTDAY COVERS",166667,2232,7367.4,37.26,"2026-05,2026-06,2026-07",194.58469022873405
BR->US,847149,"DIGITAL ADP MAC & UNITS,ENTERED AS SYSTEMS, NESOI",135951,2526,5281.3,22.1,"2026-05,2026-06,2026-07",113.46823823018197
BR->US,392062,"PLATES ETC, NONCELL ETC, POLYETHYLENE TEREPHTHLATE",244354,9207,2554.1,17.69,"2026-05,2026-06,2026-07",95.30515401148668
BR->US,844190,"PTS OF MAC FR MAKE UP PAPER PULP,PAPER/PAPBRD,CUT",168275,14093,1094.0,17.18,"2026-05,2026-06,2026-07",89.8036408316193
BR->US,730792,"PIPE FITTINGS NESOI, IR OR NONST ST THR ELBOWS ETC",349143,21089,1555.6,16.02,"2026-05,2026-06,2026-07",88.78283546016046
BR->US,810197,TUNGSTEN WASTE AND SCRAP,455669,8625,5183.4,15.63,"2026-05,2026-06,2026-07",88.4359111338715
BR->US,360200,PREPARED EXPLOSIVES OTHER THAN PROPELLENT POWDERS,420186,9490,4327.5,13.05,"2026-05,2026-06,2026-07",73.37445324184489
BR->US,853529,AUTO CIRCT BREAKER VOLTAGE 72.5 KV OR MORE,1498500,37407,3905.9,11.78,"2026-05,2026-06,2026-07",72.72886762841384
BR->US,880699,"UNMANNED AIRCRAFT MAX TAKE-OFF WT GT 150 KG, NESOI",333600,11312,2849.2,11.2,"2026-05,2026-06,2026-07",61.84115555910451
BR->US,846599,MACH TOOLS FOR WORKING WOOD CORK BONE ETC NESOI,229417,9104,2419.8,10.81,"2026-05,2026-06,2026-07",57.923319987916436
BR->US,290513,BUTAN-1-OL (N-BUTYL ALCOHOL),1730608,66358,2508.0,7.56,"2026-05,2026-06,2026-07",47.172346432076885
BR->US,843691,PARTS OF POULTRY-KEEP MAC OR POULTRY INCUB & BROOD,192916,11449,1585.0,8.65,"2026-05,2026-06,2026-07",45.729942389123146
BR->US,842489,MECHANICAL APPLIANCE FOR PROJECTING LIQUIDS NESOI,516987,31047,1565.2,7.95,"2026-05,2026-06,2026-07",45.40078458382953
BR->US,730520,"CASING, OIL OR GAS DRILLNG OVER16IN, IRON OR STEEL",6890514,414987,1560.4,6.43,"2026-05,2026-06,2026-07",43.99852137774622
BR->US,842010,CALENDERING OR OTHER ROLLING MACHINES,101587,6545,1452.2,8.42,"2026-05,2026-06,2026-07",42.13258960723398
BR->US,300290,"HUMAN BLOOD; ANIMAL BLOOD PREP, TOXINS, CULTRS ETC",1028462,101270,915.6,6.69,"2026-05,2026-06,2026-07",40.224940595105004
BR->US,900110,"OPTICAL FIBERS, OPTICAL FIBER BUNDLES AND CABLES E",929838,50129,1754.9,6.51,"2026-05,2026-06,2026-07",38.86244013086538
BR->US,382499,"PRODUCTS AND RESIDUALS OF CHEMICAL INDUSTRY, NESOI",3621998,1033186,250.6,5.6,"2026-05,2026-06,2026-07",36.705329093530736
BR->US,850161,AC  GENERATORS (ALTERNATORS) <=75 KVA OUTPUT,1751340,267211,555.4,5.86,"2026-05,2026-06,2026-07",36.55609198779476
BR->US,820730,"TOOLS FOR PRESSING, STAMPING OR PUNCHING, B M PTS",3519011,457104,669.8,5.44,"2026-05,2026-06,2026-07",35.61083529912311
BR->US,811300,"CERMETS AND ARTICLES THEREOF, INC WASTE AND SCRAP",562268,26738,2002.8,6.04,"2026-05,2026-06,2026-07",34.72284443370776
BR->US,293979,"ALKALOIDS, OF VEGETAL ORIGIN, NESOI",692880,55338,1152.1,5.88,"2026-05,2026-06,2026-07",34.363613972658655
BR->US,970121,"PAINTINGS, DRAWINGS AND PASTELS, OVER 100 YEARS",694375,89679,674.3,5.87,"2026-05,2026-06,2026-07",34.290899896143785
BR->US,290545,GLYCEROL,482657,47222,922.1,5.99,"2026-05,2026-06,2026-07",34.05576990631804
BR->US,390729,"POLYETHERS, NESOI",221099,22141,898.6,6.32,"2026-05,2026-06,2026-07",33.803373861051504
BR->US,121293,SUGAR CANE,218069,10722,1933.8,6.3,"2026-05,2026-06,2026-07",33.65449437858607
BR->US,240319,SMOKING TOBACCO W/ OR W/O TOBACCO SUBSTITUTE NESOI,772108,78176,887.6,5.08,"2026-05,2026-06,2026-07",29.893017007682744
BR->US,846694,PARTS FOR MACHINES OF HEADING 8462 OR 8463,827856,134313,516.4,5.0,"2026-05,2026-06,2026-07",29.596178734757206
BR->US,730820,TOWERS AND LATTICE MASTS OF IRON OR STEEL,5950870,385170,1445.0,4.36,"2026-05,2026-06,2026-07",29.515755558264953
BR->US,903089,"INST,MEASURING/CHECKING ELECTRICAL QUANTITIE,NESOI",125770,13169,855.0,5.67,"2026-05,2026-06,2026-07",28.929554365161838
BR->US,880730,"PARTS OF PLANES OR HELICOPTERS, NESOI",28133937,16382604,71.7,3.78,"2026-05,2026-06,2026-07",28.189741573001335
BR->US,854231,"PROCESSORS AND CONTROLLERS, ELECTRONIC INTEG CIRCT",320782,61145,424.6,4.69,"2026-05,2026-06,2026-07",25.8307757284659
BR->US,842940,"TAMPING MACHINES AND ROAD ROLLERS, SELF-PROPELLED",11218420,7170983,56.4,3.43,"2026-05,2026-06,2026-07",24.172307603984112
BR->US,842430,STEAM/SAND BLAST MACH & SIMILAR JET PROJECTNG MACH,172103,17758,869.2,4.53,"2026-05,2026-06,2026-07",23.707955616134512
BR->US,730431,OTH IOS NA PS TB HLW PFL SMLS CIR CS COLD-WRKD,228209,38066,499.5,4.4,"2026-05,2026-06,2026-07",23.59471697169228
BR->US,290220,BENZENE,3259857,358845,808.4,3.61,"2026-05,2026-06,2026-07",23.51060665317387
BR->US,842951,"MECH FRONT-END SHOVEL LOADERS, SELF-PROPELLED",68578953,48657857,40.9,2.94,"2026-05,2026-06,2026-07",23.013273643301705
BR->US,282590,"INORGANIC BASE; METAL OXIDES, & PEROXIDES, NESOI",3946703,1158776,240.6,3.43,"2026-05,2026-06,2026-07",22.608566266259547
BR->US,441231,"PLYWOOD EXC BAMBOO, EA PLY LT=6MM THK, TROPIC WOOD",1321611,472155,179.9,3.66,"2026-05,2026-06,2026-07",22.391680059351227
BR->US,721320,BRS RODS HOT-RLLD IRREG COILS FREE-CUTTNG STEEL,550050,46226,1089.9,3.88,"2026-05,2026-06,2026-07",22.250835257111483
BR->US,090300,MATE,784637,211736,270.6,3.67,"2026-05,2026-06,2026-07",21.637039880542446
BR->US,711590,"OTH PREC METL ARTCLS OR ARTCLS CLAD W PM, NESOI",104098,31006,235.7,4.29,"2026-05,2026-06,2026-07",21.503925803701772
BR->US,902610,"INST & APPRTS, MEASURE/CHECKING FLOW/LEVEL OF LIQ",464656,237107,96.0,3.72,"2026-05,2026-06,2026-07",21.07063220662988
BR->US,845811,HORIZONTAL LATHES FOR REMOVNG MET NUMRCAL CONTROLD,371126,49755,645.9,3.74,"2026-05,2026-06,2026-07",20.806285783712788
BR->US,271012,"LT OILS, PREPS GT=70% PETROLEUM/BITUM NT BIODIESEL",82263536,27642704,197.6,2.61,"2026-05,2026-06,2026-07",20.66914820283902
BR->US,840212,WATERTUBE BOILERS STEAM PROD NOT EXC 45 T PER HOUR,113055,7787,1351.8,4.08,"2026-05,2026-06,2026-07",20.59676747527584
BR->US,380891,"INSECTICIDES, EXC THOSE SPECIFIED IN SUBHEAD. NT 1",680508,159230,327.4,3.51,"2026-05,2026-06,2026-07",20.48665288573622
BR->US,870322,"PASS MTR VEH,SPARK IGN ENG, >1000CC BUT =<1500CC",251926,79607,216.5,3.49,"2026-05,2026-06,2026-07",18.826602791363804
BR->US,701090,"GLASS ARTICL. FOR CONVEYANCE/PACKING OF GOODS,NESO",351830,72462,385.5,3.25,"2026-05,2026-06,2026-07",18.043634028588226
BR->US,681599,OTH ARTICLES OF STONE OR OTH MIN SUBSTNCES NESOI,773972,291458,165.6,2.98,"2026-05,2026-06,2026-07",17.56053182039973
BR->US,010121,"HORSES, LIVE, PUREBRED BREEDING",135667,46083,194.4,3.42,"2026-05,2026-06,2026-07",17.53609573681655
BR->US,843710,"MACH FOR CLEAN,SORT OR GRADE SEED,GRAIN,DR LEG VEG",436940,139071,214.2,3.1,"2026-05,2026-06,2026-07",17.486653186505375
BR->US,490199,"PRINTED BOOKS, BROCHURES, ETC., NESOI",2347632,793256,195.9,2.74,"2026-05,2026-06,2026-07",17.454388593000623
BR->US,740929,PLATES SHEETS STRIP OF BRASS OV.15MM THCK NT COILS,143895,20109,615.6,3.31,"2026-05,2026-06,2026-07",17.08971478295753
BR->US,722830,OTH BRS A RODS OTH ALY STL NT FUR TH HT-RLD/DRN/EX,1702625,222008,666.9,2.71,"2026-05,2026-06,2026-07",16.874518500653576
BR->US,400821,"PLATES OF VULCANIZED RUB, OF NONCELLULAR RUBBER",137645,34099,303.7,3.22,"2026-05,2026-06,2026-07",16.525078547180478
BR->US,700529,NONWIRED GLASS NESOI IN SHEETS,168851,17168,883.5,3.16,"2026-05,2026-06,2026-07",16.504870916152466
BR->US,480256,"PAPER,UNCOAT,NT OV 10% WT MEC PRC;40-150G/M2,SHETS",12838097,4410486,191.1,2.28,"2026-05,2026-06,2026-07",16.213900715218948
BR->US,040299,"MILK AND CREAM, SWEETENED, CONCEN OR NOT NESOI",312303,71854,334.6,2.94,"2026-05,2026-06,2026-07",16.15882099018903
BR->US,420292,"CONTAINER BAGS, CASES ETC NESOI, PLAST/TEXT MATER",262715,76339,244.1,2.97,"2026-05,2026-06,2026-07",16.112510068094604
BR->US,854460,ELECTRIC CONDUCTORS FOR VOLTAGE EXCEEDING 1000 V,619862,86844,613.8,2.75,"2026-05,2026-06,2026-07",15.941487664665095
BR->US,940330,"WOODEN OFFICE FURNITURE, EXCEPT SEATS",103822,33409,210.8,3.16,"2026-05,2026-06,2026-07",15.861645494572505
BR->US,330491,"POWDER MAKE-UP, ETC. PREPS, INCL ROUGE & BABY PWDR",833644,225786,269.2,2.66,"2026-05,2026-06,2026-07",15.724724355152562
BR->US,903180,"MEAS CHECKNG INSTRUMENT & MACH, NOT OPTICAL, NESOI",974409,398670,144.4,2.62,"2026-05,2026-06,2026-07",15.711514287993651
BR->US,850164,AC GENERATORS OF AN OUTPUT EXCEEDING 750 KVA,431279,162518,165.4,2.68,"2026-05,2026-06,2026-07",15.124310744017514
BR->US,844391,"PTS & ACC PRINT MACH BY MEANS OF PLATE, CYLNDR ETC",330105,158860,107.8,2.74,"2026-05,2026-06,2026-07",15.123031351887043
BR->US,843991,PARTS OF MACH F MAKE PULP OF FIBR CELLULOSIC MATL,141016,27631,410.4,2.93,"2026-05,2026-06,2026-07",15.101346106505469
BR->US,200190,VEGT/FRUIT/NUTS ETC NESOI PREP/PRES BY VINEGAR ETC,183688,54546,236.8,2.86,"2026-05,2026-06,2026-07",15.030440345961058
BR->US,030247,"SWORDFISH, FRESH OR CHILLED",750949,322811,132.6,2.49,"2026-05,2026-06,2026-07",14.625478208384203
BR->US,840820,COMPRESSION-IGNTN INT COMBUSTION PISTON ENGINE ETC,1408227,730764,92.7,2.35,"2026-05,2026-06,2026-07",14.461777106480925
BR->US,040900,"HONEY, NATURAL",14728679,6906005,113.3,1.98,"2026-05,2026-06,2026-07",14.221929838185307
BR->US,741110,TUBES & PIPES OF REFINED COPPER,7782305,3864491,101.4,2.04,"2026-05,2026-06,2026-07",14.059049284899205
BR->US,940110,SEATS OF A KIND USED FOR AIRCRAFT,163473,66330,146.5,2.67,"2026-05,2026-06,2026-07",13.927084981891566
BR->US,253010,"VERMICULITE, PERLITE AND CHLORITES, UNEXPANDED",144100,29764,384.1,2.63,"2026-05,2026-06,2026-07",13.592971245476113
BR->US,850433,"TRANSF NESOI, POWER HANDLING CAP >16 NOV 500 KVA",499863,148788,236.0,2.37,"2026-05,2026-06,2026-07",13.516494383417216
BR->US,410441,"TAN/CRUS HID/SKN BOV/EQ,FUL GRN UNSP;GRN SP,DRY ST",650030,237316,173.9,2.3,"2026-05,2026-06,2026-07",13.37117014755095
BR->US,441239,"PLYWOOD, EXC BAMBOO, LT=6 MM THK, CONIFEROUS NESOI",28691323,13494124,112.6,1.79,"2026-05,2026-06,2026-07",13.358715485119893
BR->US,282760,IODIDES AND IODIDE OXIDES,147637,21332,592.1,2.58,"2026-05,2026-06,2026-07",13.353991745094989
BR->US,382319,"INDUST MONOCARBOXYLIC FATTY ACIDS, NESOI ACID OILS",177846,25832,588.5,2.51,"2026-05,2026-06,2026-07",13.166308274867255
BR->US,280920,PHOSPHORIC ACID AND POLYPHOSPHORIC ACIDS,147883,35707,314.2,2.54,"2026-05,2026-06,2026-07",13.134857675002912
BR->US,880240,"AIRPLANE & OT A/C, UNLADEN WEIGHT > 15,000 KG",85349311,28724718,197.1,1.65,"2026-05,2026-06,2026-07",13.124709443359322
BR->US,210220,"YEASTS, INACTIVE; OTH SINGLE-CELL DEAD MICRO-ORGNM",4934853,2706476,82.3,1.95,"2026-05,2026-06,2026-07",13.050621686515075
BR->US,151560,"MICROBIAL FATS, OILS & THEIR FRACTIONS NT CHEM MOD",299873,50876,489.4,2.36,"2026-05,2026-06,2026-07",12.947850426046354
BR->US,841090,"PARTS, INC REGULATORS, FOR HYDRAULIC TURB & WTR WH",646737,235557,174.6,2.2,"2026-05,2026-06,2026-07",12.792115692433674
BR->US,830140,"LOCKS EXCEPT MOTOR VEHICLE OR FURNITURE, BASE METL",158421,98700,60.5,2.4,"2026-05,2026-06,2026-07",12.464830851542624
BR->US,340241,CATIONIC ORGANIC SURFACE-ACTIVE AGENTS,119369,37517,218.2,2.44,"2026-05,2026-06,2026-07",12.365838632094366
BR->US,080122,"BRAZIL NUTS, FRESH OR DRIED, SHELLED",1569990,463344,238.8,1.98,"2026-05,2026-06,2026-07",12.273120709370538
BR->US,890399,"YACHTS, PLEAS/SPORT VESSELS, ROW BOATS, CANOES NES",2358905,1224934,92.6,1.92,"2026-05,2026-06,2026-07",12.227519358785948
BR->US,480254,"PAPER NESOI, NOV 10% FIBER BY MECH PR, UN40G/M2 UC",339849,84308,303.1,2.2,"2026-05,2026-06,2026-07",12.183750286253662
BR->US,870850,DRIVE AXLES WITH DIFFERENTIAL FOR MOTOR VEHICLES,925907,576831,60.5,2.04,"2026-05,2026-06,2026-07",12.155400056624611
BR->US,200799,"JAMS, FRUIT JELLIES, PASTES ETC NESOI, NUT PASTES",1309512,757461,72.9,1.96,"2026-05,2026-06,2026-07",12.01446782441859
BR->US,110812,"STARCH, CORN (MAIZE)",1158388,718275,61.3,1.98,"2026-05,2026-06,2026-07",12.009233804285524
BR->US,190190,"MALT EXTRACT; FLOUR, MEAL, MILK ETC PROD ETC NESOI",403117,199814,101.7,2.08,"2026-05,2026-06,2026-07",11.657346440229496
BR->US,846610,TOOL HOLDRS & SELF-OPENING DIEHEADS FOR MACHINES,228181,119228,91.4,2.17,"2026-05,2026-06,2026-07",11.638077886251208
BR->US,854110,DIODES EX PHOTOSENSITIVE OR LIGHT-EMITTING DIODES,237846,72777,226.8,2.1,"2026-05,2026-06,2026-07",11.271483131229747
BR->US,293399,HETEROCYCLIC COMP W NITROGEN HETERO-ATM ONLY NESOI,3134541,926017,238.5,1.72,"2026-05,2026-06,2026-07",11.177979715638307
BR->US,190110,"FOOD PREPARATIONS FOR INFANTS, RETAIL SALE NESOI",142491,60922,133.9,2.16,"2026-05,2026-06,2026-07",11.151789805602073
BR->US,392350,"STOPPERS, LIDS, CAPS & OTHER CLOSURES, OF PLASTIC",655552,340171,92.7,1.92,"2026-05,2026-06,2026-07",11.14918203200881
BR->US,410791,"LTR,NESOI,INC SIDES FULL GRAIN,UNSPLIT,BOV/EQU",223619,83337,168.3,2.04,"2026-05,2026-06,2026-07",10.932029222847502
BR->US,870894,"STEERING WHEELS, COLUMNS & BOXES F MOTOR VEHICLES",2496304,1578707,58.1,1.7,"2026-05,2026-06,2026-07",10.898997870646273
BR->US,902121,ARTIFICIAL TEETH AND PARTS AND ACCESSORIES,4382939,1328681,229.9,1.63,"2026-05,2026-06,2026-07",10.850066019309155
BR->US,420100,"SADDLERY, HARNESS, TRACES, LEADS ETC, ANY MATERIAL",310516,186482,66.5,1.96,"2026-05,2026-06,2026-07",10.787885579680388
BR->US,700232,TUBES OF OTH GLASS NES W LIN COEF OV 5X10-6/KELVIN,328123,99009,231.4,1.94,"2026-05,2026-06,2026-07",10.711708417676197
BR->US,391110,"PETROLEUM RESINS,COUMARONE RESINS,ETC,POLYTERPENES",140731,60420,132.9,2.04,"2026-05,2026-06,2026-07",10.508620146267257
BR->US,020130,"MEAT OF BOVINE ANIMALS, BONELESS, FRESH OR CHILLED",23659666,15137267,56.3,1.41,"2026-05,2026-06,2026-07",10.429505599168666
BR->US,870590,"SPECIAL PURPOSE VEHICLES, NESOI",151812,19901,662.8,2.0,"2026-05,2026-06,2026-07",10.355073994799278
BR->US,680690,MXTRS A ARTCLS OF HEAT OR SOUND ABS O INS NESOI,311458,100930,208.6,1.88,"2026-05,2026-06,2026-07",10.353850484780216
BR->US,854620,ELECTRICAL INSULATORS OF CERAMICS,1382059,745497,85.4,1.67,"2026-05,2026-06,2026-07",10.260508103216686
BR->US,760310,ALUMINUM POWDERS OF NON-LAMELLAR STRUCTURE,211284,77450,172.8,1.89,"2026-05,2026-06,2026-07",10.049979987119192
BR->US,300251,CELL THERAPY PRODUCTS,131769,29606,345.1,1.94,"2026-05,2026-06,2026-07",9.920912036433991
BR->US,030461,"TILAPIA FILLETS, FROZEN",325477,124257,161.9,1.8,"2026-05,2026-06,2026-07",9.900254156171089
BR->US,960910,"PENCILS AND CRAYONS, W/ LEADS ENCASED IN A SHEATH",8082834,4924036,64.2,1.43,"2026-05,2026-06,2026-07",9.886699225051464
BR->US,680223,GRANITE MON OR BLDG STONE SMPLY CUT OR SAWN,300153,119617,150.9,1.79,"2026-05,2026-06,2026-07",9.823612734224868
BR->US,271290,"OTHER MINERAL WAXES, NESOI",251707,105842,137.8,1.8,"2026-05,2026-06,2026-07",9.7449808155625
BR->US,761490,"STRANDED WIRE ETC, NO ELEC INSUL NESOI, ALUMINUM",5038234,3024134,66.6,1.45,"2026-05,2026-06,2026-07",9.731731174086796
BR->US,441299,PLYWOOD ETC W BOTH OUTER PLIES CONIFEROUS WOOD NES,273157,98365,177.7,1.79,"2026-05,2026-06,2026-07",9.72781031211235
BR->US,680292,"OTHER CALCAREOUS STONE, NESOI",108614,39752,173.2,1.92,"2026-05,2026-06,2026-07",9.661115758217457
BR->US,848110,PRESSURE-REDUCING VALVES,104401,44384,135.2,1.89,"2026-05,2026-06,2026-07",9.468270255452325
BR->US,720299,"FERROALLOYS, NESOI",1622441,983406,65.0,1.52,"2026-05,2026-06,2026-07",9.437513134089896
BR->US,400510,"RUB, UNVULCANIZED, COMPOUND W/ CARBON BLK/SILICA",1145450,605601,89.1,1.56,"2026-05,2026-06,2026-07",9.434363770517141
BR->US,190120,MIXES & DOUGHS FOR PREP OF BAKERS WARES HDG 1905,193520,126067,53.5,1.78,"2026-05,2026-06,2026-07",9.433215662612906
BR->US,380630,ESTER GUMS,289357,105050,175.4,1.71,"2026-05,2026-06,2026-07",9.333435939056635
BR->US,441899,"BUILDERS' JOINERY AND CARPENTRY OF WOOD, NESOI",8387784,5561985,50.8,1.35,"2026-05,2026-06,2026-07",9.328309362381255
BR->US,842833,"CONT-ACT ELEV & CONVEY,FR GOODS OR MATL,BELT TYPE",218157,58909,270.3,1.74,"2026-05,2026-06,2026-07",9.313781114155242
BR->US,850239,"GENERATING SETS, ELECTRIC, NESOI",1655495,760672,117.6,1.49,"2026-05,2026-06,2026-07",9.282982016966466
BR->US,842890,"LIFTING, HANDLING, LOADING & UNLOADING MACHY NESOI",3977876,1695480,134.6,1.4,"2026-05,2026-06,2026-07",9.240006571257872
BR->US,902219,"APPARATUS BASE ON X-RAY FOR OTH USE,EX MEDICAL,ETC",279101,91256,205.8,1.68,"2026-05,2026-06,2026-07",9.159120315676379
BR->US,848180,TAPS COCKS ETC F PIPE VAT INC THERMO CONTROL NESOI,16592734,6828925,143.0,1.26,"2026-05,2026-06,2026-07",9.106412269218145
BR->US,731210,"STRANDED WIRE, ROPE ETC, NO ELECT INSUL, IR OR ST",180457,100280,80.0,1.72,"2026-05,2026-06,2026-07",9.018048217429556
BR->US,330499,"BEAUTY & SKIN CARE PREPARATION, NESOI",324486,191405,69.5,1.63,"2026-05,2026-06,2026-07",8.978764882961134
BR->US,040510,BUTTER,443878,175350,153.1,1.58,"2026-05,2026-06,2026-07",8.94094117994509
BR->US,321511,"PRINTING INK, BLACK",210537,69490,203.0,1.64,"2026-05,2026-06,2026-07",8.717829882981977
BR->US,380290,ACTIVATED NATURAL MINERAL PROD; ANIMAL BLACK ETC.,280260,67969,312.3,1.59,"2026-05,2026-06,2026-07",8.636511032433654
BR->US,854370,"ELEC MACH AND APP, HAVING INDIV FUNCTIONS, NESOI",1248853,589850,111.7,1.41,"2026-05,2026-06,2026-07",8.625731049123415
BR->US,400259,"ACRYLONITRILE-BUTADIENE RUBBER, EXC LATEX, NESOI",515366,310565,65.9,1.51,"2026-05,2026-06,2026-07",8.620687793997181
BR->US,610443,"WOMEN'S OR GIRLS' DRESSES SYNTHETIC FIBERS, KNIT",130371,78944,65.1,1.68,"2026-05,2026-06,2026-07",8.616739446711048
BR->US,480419,"KRAFTLINER, UNCOATED, BLEACHED, IN ROLLS OR SHEETS",378653,100487,276.8,1.54,"2026-05,2026-06,2026-07",8.60642146291712
BR->US,090412,"PEPPER OF THE GENUS PIPER, CRUSHED OR GROUND",264123,73849,257.7,1.58,"2026-05,2026-06,2026-07",8.56081434790103
BR->US,843780,"MACH F MILLING OR WORKING CEREALS & VEG, EXC FARM",217693,85004,156.1,1.59,"2026-05,2026-06,2026-07",8.491633696115718
BR->US,400921,"PIPE, REINFORCED/COMBINE W/METAL ONLY, W/O FITTING",120577,23090,422.2,1.65,"2026-05,2026-06,2026-07",8.392066646635232
BR->US,294190,"ANTIBIOTICS, NESOI",2106459,785086,168.3,1.33,"2026-05,2026-06,2026-07",8.383017294241782
BR->US,170191,"CANE/BEET SUGAR, REFINED, SOLID, ADDED FLAV/COLOR",156659,65656,138.6,1.61,"2026-05,2026-06,2026-07",8.348151773319644
BR->US,350300,"GELATIN & DERIV; ISINGLASS; GLUES, ANIMAL OR NESOI",6136414,3493004,75.7,1.22,"2026-05,2026-06,2026-07",8.248470867585691
BR->US,720249,"FERROCHROMIUM, 4 PERCENT OR LESS CARBON",936197,321870,190.9,1.38,"2026-05,2026-06,2026-07",8.224477266875034
BR->US,820780,TOOLS FOR TURNING OF BASE METAL,117949,70978,66.2,1.61,"2026-05,2026-06,2026-07",8.18772286966255
BR->US,330112,ESSENTIAL CITRUS FRUIT OILS OF ORANGE,9683538,4604900,110.3,1.17,"2026-05,2026-06,2026-07",8.183761483918294
BR->US,854233,"AMPLIFIERS, ELECTRONIC INTEGRATED CIRCUITS",1877598,805671,133.0,1.26,"2026-05,2026-06,2026-07",7.917086558426511
BR->US,690220,"REFRACT BRICKS ETC NESOI, OVER 50% AL203 OR SI02",231987,128652,80.3,1.46,"2026-05,2026-06,2026-07",7.847341534028168
BR->US,850450,ELECTRICAL INDUCTORS NESOI,2882333,1901483,51.6,1.2,"2026-05,2026-06,2026-07",7.780006066148981
BR->US,820190,"HANDTOOLS NESOI FOR AGRI, HORT ETC, BASE MTL PTS",698407,402907,73.3,1.32,"2026-05,2026-06,2026-07",7.7339677808909855
BR->US,291412,BUTANONE,552687,196173,181.7,1.31,"2026-05,2026-06,2026-07",7.506815906631385
BR->US,848220,"TAPERED ROLL BRG, INCL CONE & ROLLER ASSEMBLIES",325002,170545,90.6,1.36,"2026-05,2026-06,2026-07",7.501045991253229
BR->US,110819,"STARCHES, NESOI",102272,42189,142.4,1.49,"2026-05,2026-06,2026-07",7.4657306219695965
BR->US,820130,"MATTOCKS,PICKS,HOES AND RAKES,A PTS, OF BSE MTL",1202812,719453,67.2,1.23,"2026-05,2026-06,2026-07",7.449958516739974
BR->US,841981,MACHINERY ETC FOR MAKING HOT DRINKS COOKING HEATNG,453121,239989,88.8,1.29,"2026-05,2026-06,2026-07",7.282850395128592
BR->US,843850,MACHINERY FOR MEAT OR POULTRY PREPARATION,273010,105492,158.8,1.33,"2026-05,2026-06,2026-07",7.20682629103334
BR->US,711319,"JEWELRY AND PARTS THEREOF, OF OTH PRECIOUS METAL",807215,371105,117.5,1.19,"2026-05,2026-06,2026-07",7.057872863155727
BR->US,732619,"OTH ARTIC IOS FRGD OR STMPD, NT FURTH WRKD, NESOI",122671,59880,104.9,1.38,"2026-05,2026-06,2026-07",7.026489917821087
BR->US,720241,FERROCHROMIUM OVER 4 PERCENT CARBON,3365561,736595,356.9,1.08,"2026-05,2026-06,2026-07",7.023882436080834
BR->US,760612,"ALUMINUM ALLOY RECT PLATES ETC, OVER .2 MM THICK",32429939,20985608,54.5,0.93,"2026-05,2026-06,2026-07",7.001978091049435
BR->US,901850,OTHER OPHTHALMIC INSTRUMENTS & APPLIANCES & PARTS,171251,78185,119.0,1.33,"2026-05,2026-06,2026-07",6.977936993047847
BR->US,300610,"STERILE SURGICAL CATGUT, SIMILAR STERILE MATER ETC",2251381,1125152,100.1,1.1,"2026-05,2026-06,2026-07",6.97778583399923
BR->US,020322,"MEAT, SWINE, HAMS, SHOULDERS ETC, BONE IN, FROZEN",1165495,439267,165.3,1.11,"2026-05,2026-06,2026-07",6.731085661053354
BR->US,930200,"REVOLVERS & PISTOLS, DESIGNED TO FIRE LIVE AMMO",7982710,4537180,75.9,0.97,"2026-05,2026-06,2026-07",6.663772585138366
BR->US,720229,"FERROSILICON, 55 PERCENT OR LESS SILICON",547647,233688,134.3,1.16,"2026-05,2026-06,2026-07",6.651489082643248
BR->US,360320,DETONATING CORDS,261386,51734,405.2,1.22,"2026-05,2026-06,2026-07",6.619223851661955
BR->US,390220,"POLYISOBUTYLENE, IN PRIMARY FORMS",1022394,479906,113.0,1.1,"2026-05,2026-06,2026-07",6.614261966549382
BR->US,410719,"WHOL HIDE/SKIN,FULL GRN,NESOI,FRT PREP TAN,BV/EQ",705081,315413,123.5,1.12,"2026-05,2026-06,2026-07",6.562766238497509
BR->US,291590,SAT ACYCLIC MONOCARBOXY ACIDS AND DERIV NESOI,190655,93240,104.5,1.21,"2026-05,2026-06,2026-07",6.379155488465449
BR->US,260112,AGGLOMERATED IRON ORES,44442397,26804753,65.8,0.83,"2026-05,2026-06,2026-07",6.338649138976564
BR->US,871492,WHEEL RIMS AND SPOKES FOR BICYCLES ETC.,153035,83231,83.9,1.22,"2026-05,2026-06,2026-07",6.3209813802325385
BR->US,841191,TURBOJET AND TURBOPROLLER PARTS,411742,109982,274.4,1.12,"2026-05,2026-06,2026-07",6.280855494101199
BR->US,841112,TURBOJETS OF A THRUST EXCEEDING 25 KN,15601479,5502670,183.5,0.87,"2026-05,2026-06,2026-07",6.238670832662507
BR->US,210210,"YEASTS, ACTIVE",445246,245373,81.5,1.08,"2026-05,2026-06,2026-07",6.102405260821593
BR->US,903210,THERMOSTATS,126354,76624,64.9,1.19,"2026-05,2026-06,2026-07",6.07778711936939
BR->US,800110,"TIN, UNWROUGHT, NOT ALLOYED",5384531,2510041,114.5,0.9,"2026-05,2026-06,2026-07",6.056400288272186
BR->US,080131,"CASHEW NUTS, FRESH OR DRIED, IN SHELL",268148,124492,115.4,1.11,"2026-05,2026-06,2026-07",6.019555961111873
BR->US,410449,"TAN/CRUST HIDES/SKIN, BOV/EQ, IN DRY STATE, NESOI",175091,99572,75.8,1.15,"2026-05,2026-06,2026-07",6.008972585383178
BR->US,440719,"OTHER CONIF WOOD, SAWN/CHIPED LENTGW, THKNS GT 6MM",3279642,2048435,60.1,0.9,"2026-05,2026-06,2026-07",5.853722548830963
BR->US,282110,IRON OXIDES AND HYDROXIDES,1729656,1002879,72.5,0.93,"2026-05,2026-06,2026-07",5.816290272558653
BR->US,350691,"ADHESIVES BASED ON RUBBER,POLMR OF HD3901-3913,NES",324588,173210,87.4,1.04,"2026-05,2026-06,2026-07",5.755378467167851
BR->US,051199,"DEAD HORSES, SWINE ETC (INEDIBLE) & PRODUCTS NESOI",7441965,4782008,55.6,0.82,"2026-05,2026-06,2026-07",5.603914178566011
BR->US,853224,"CERAMIC DIELECTRIC, MULTILAYER FIXED CAPACITORS",343802,195924,75.5,1.0,"2026-05,2026-06,2026-07",5.545554162049264
BR->US,842810,PASS OR FREIGHT ELEVATOR EXC CONT ACT; SKIP HOISTS,160376,73590,117.9,1.05,"2026-05,2026-06,2026-07",5.471780708570491
BR->US,391910,"PLATES, SHEET ETC PLAST, S-ADH, ROLLS NOV 20 CM W",110125,49086,124.4,1.08,"2026-05,2026-06,2026-07",5.452083252205415
BR->US,180320,"COCOA PASTE, WHOLLY OR PARTLY DEFATTED",277382,87791,216.0,1.0,"2026-05,2026-06,2026-07",5.4423882367948435
BR->US,591190,TEXTILE PRODUCTS ETC FOR TECHNICAL USES NESOI,220066,114100,92.9,1.02,"2026-05,2026-06,2026-07",5.42575391267822
BR->US,390750,"ALKYD RESINS, PR FMS",301983,162934,85.3,0.98,"2026-05,2026-06,2026-07",5.351320533542462
BR->US,902590,"PTS, HYDROMETERS, THEROMETERS, PYROMETERS, ETC",286022,177855,60.8,0.98,"2026-05,2026-06,2026-07",5.321168330234643
BR->US,720838,"FLT-HT-RL IRN,NOALY STL,COIL,3MM BUT < 4.75MMNESOI",2345066,956314,145.2,0.84,"2026-05,2026-06,2026-07",5.320855792140253
BR->US,291611,ACRYLIC ACID AND ITS SALTS,831237,209656,296.5,0.89,"2026-05,2026-06,2026-07",5.291696253593224
BR->US,930320,SPORT HUNT TARGET-SHOOT SHOTGUN EX MUZZLE-LOADING,609943,392524,55.4,0.89,"2026-05,2026-06,2026-07",5.1506198107440895
BR->US,200520,"POTATOES, PREPARED ETC. NO VINEGAR ETC, NOT FROZEN",125306,66518,88.4,0.99,"2026-05,2026-06,2026-07",5.0478374278004585
BR->US,700711,TOUGHND SAFETY GLS OF SIZE A SHAPE FOR VEHCLS ETC,153679,63696,141.3,0.97,"2026-05,2026-06,2026-07",5.045429879285334
BR->US,901420,INSTRUMENTS & APPL F AERNTCL/SPC NAVIG EX COMPASS,108956,59542,83.0,0.98,"2026-05,2026-06,2026-07",4.936792846849025
BR->US,080121,"BRAZIL NUTS, FRESH OR DRIED, IN SHELL",287525,77517,270.9,0.88,"2026-05,2026-06,2026-07",4.813272730354148
BR->US,843351,COMBINE HARVESTER-THRESHERS,1081745,533332,102.8,0.79,"2026-05,2026-06,2026-07",4.740544801693268
BR->US,480620,GREASEPROOF PAPER (AS MANUFACTURED) IN ROLLS/SHEET,125837,61259,105.4,0.92,"2026-05,2026-06,2026-07",4.669342623361609
BR->US,481310,CIGARETTE PAPER IN THE FORM OF BOOKLETS OR TUBES,331007,215278,53.8,0.84,"2026-05,2026-06,2026-07",4.660171539946225
BR->US,200939,"JUICE OF OTHER SINGLE CIRTUS FRUIT,NT FROT,NESOI",1243476,650960,91.0,0.76,"2026-05,2026-06,2026-07",4.624721171203553
BR->US,050400,"ANIMAL (NOT FISH) GUTS, BLADDERS, STOMACHS & PARTS",250404,113846,119.9,0.85,"2026-05,2026-06,2026-07",4.614181510074389
BR->US,730439,OTH IOS NA PS TB HLW PFL SMLS CIR CS NT CLD-WRKD,346253,157318,120.1,0.83,"2026-05,2026-06,2026-07",4.588686006990562
BR->US,760120,UNWROUGHT ALUMINUM ALLOYS,220508,58201,278.9,0.84,"2026-05,2026-06,2026-07",4.492988384603937
BR->US,901819,"ELECTRO-DIAGNOSTIC APPARATUS NESOI, AND PARTS ETC.",118370,62045,90.8,0.88,"2026-05,2026-06,2026-07",4.4634272713271885
BR->US,811299,"OTH WRGHT GALLIUM,INDIUM,NIOBIUM & ARTICLES THEREO",228270,86197,164.8,0.82,"2026-05,2026-06,2026-07",4.39353352894133
BR->US,020629,"OFFAL OF BOVINE ANIMALS, EDIBLE, NESOI, FROZEN",1066956,433589,146.1,0.71,"2026-05,2026-06,2026-07",4.258616060851634
BR->US,850120,UNIVERSAL AC/DC MOTORS OF AN OUTPUT > 37.5 W,231370,119881,93.0,0.79,"2026-05,2026-06,2026-07",4.223035350454673
BR->US,680291,"MARBLE, TRAVERTINE AND ALABASTER, WORKD, NESOI",3394680,2179313,55.8,0.63,"2026-05,2026-06,2026-07",4.131551013700013
BR->US,284390,"ORGANIC COMPOUND PRECIOUS METAL; AMALGRAMS, NESOI",3989747,1300588,206.8,0.62,"2026-05,2026-06,2026-07",4.115155301939093
BR->US,320290,INORGANIC TANNING SUBSTANCES & TANNING PREP ETC,119902,67093,78.7,0.81,"2026-05,2026-06,2026-07",4.099688606740163
BR->US,230500,"PEANUT OILCAKE & OTH SOLID RESIDUE, WH/NOT GROUND",464284,274678,69.0,0.7,"2026-05,2026-06,2026-07",3.9453097326702995
BR->US,850422,LIQ DIELECT TRANSFRM PWR HND CAP >650 NOV 10T KVA,7835747,4972664,57.6,0.57,"2026-05,2026-06,2026-07",3.922846917681149
BR->US,480300,TOILET ETC HSHLD/SANTRY STOCK PAPER ROLL OR SHEETS,1493868,821339,81.9,0.63,"2026-05,2026-06,2026-07",3.8707957019455606
BR->US,290529,UNSATURATED MONOHYDRIC ALCOHOLS NESOI,296117,171043,73.1,0.7,"2026-05,2026-06,2026-07",3.8527985534124434
BR->US,591132,"TEXTILE FABRICS ETC, PAPERMAKING, 650 G/M2 OR MORE",224344,144698,55.0,0.71,"2026-05,2026-06,2026-07",3.804433282325209
BR->US,380300,"TALL OIL, WHETHER OR NOT REFINED",314546,136621,130.2,0.69,"2026-05,2026-06,2026-07",3.766412491477424
BR->US,251990,FUSED MAGNESIA; DEAD-BURN MAGNESIA; MAGNESIA NESOI,3339826,2161621,54.5,0.58,"2026-05,2026-06,2026-07",3.764655318005103
BR->US,720839,"FLAT-HOT-ROLL IRN,NONALY STL,COIL,<3MM THICK,NESOI",845422,375000,125.4,0.62,"2026-05,2026-06,2026-07",3.6996626608317853
BR->US,880220,"AIRPLANES & OT A/C, UNLADEN WEIGHT NT OVER 2000 KG",376427,212525,77.1,0.65,"2026-05,2026-06,2026-07",3.625737692651065
BR->US,321290,"NONAQ PIGMENTS FOR PAINT MFR, DYES ETC, RETAIL PK",177462,116838,51.9,0.69,"2026-05,2026-06,2026-07",3.604749981068696
BR->US,130239,"MUCILAGE & THICKNER W/N MODIFIED,FRM VEG PRD NESOI",153438,81717,87.8,0.69,"2026-05,2026-06,2026-07",3.5785331713995117
BR->US,721914,FR SS 600MM AO W HR CLS UN 3MM THCK,177095,75133,135.7,0.68,"2026-05,2026-06,2026-07",3.5652565663642974
BR->US,761290,"CASKS ETC, NOT OVER 300 LITER CAP NESOI, ALUMINUM",125656,47281,165.8,0.7,"2026-05,2026-06,2026-07",3.563303480828261
BR->US,741121,TUBES & PIPES; OF BRASS (COPPER ALLOY),153334,86946,76.4,0.62,"2026-05,2026-06,2026-07",3.227790881109597
BR->US,481159,"PPR/PBRD COAT/IMPG/CVR W/ PLASTIC, NESOI",402118,176586,127.7,0.56,"2026-05,2026-06,2026-07",3.1525679916597573
BR->US,710391,"RUBIES, SAPPHIRES AND EMERALDS, OTHERWISE WORKED",252728,95686,164.1,0.58,"2026-05,2026-06,2026-07",3.1366789055778295
BR->US,152190,BEESWAX AND OTHER INSECT WAXES AND SPERMACETI,210088,138184,52.0,0.59,"2026-05,2026-06,2026-07",3.1362775282432493
BR->US,851829,"LOUDSPEAKERS, NESOI",382421,244213,56.6,0.56,"2026-05,2026-06,2026-07",3.1074081206872592
BR->US,320190,"TANNING EXTRACTS OF VEGETABLE ORIGIN, NESOI, ETC",139757,72483,92.8,0.59,"2026-05,2026-06,2026-07",3.016861348615806
BR->US,381590,"REACTION INITIATORS & ACCELERATORS, ETC, NESOI",176498,96345,83.2,0.55,"2026-05,2026-06,2026-07",2.90939523020176
BR->US,902580,"HYDROMETERS & SIM FL INST, HYGROMETERS, ETC, NESOI",151084,98103,54.0,0.55,"2026-05,2026-06,2026-07",2.8345429182119353
BR->US,720837,"FLT-HOT-ROL IRN,NONALY,COILS,4.75MM N/O 10MM NESOI",1577705,907872,73.8,0.4,"2026-05,2026-06,2026-07",2.4798893139231515
BR->US,420330,BELTS & BANDOLIERS OF LEATHER OR COMPOSIT LEATHER,105379,68248,54.4,0.42,"2026-05,2026-06,2026-07",2.1217586568526197
BR->US,380130,CARBONACEOUS PASTES FOR ELECTRODES&SIMILAR PASTES,101514,58689,73.0,0.37,"2026-05,2026-06,2026-07",1.843345950884924
BR->US,392390,"ART FOR CONVEYING OR PACKING GOODS NESOI, PLASTIC",223209,139843,59.6,0.32,"2026-05,2026-06,2026-07",1.7191914935391548
BR->US,710399,"SEMIPRECIOUS STONES, OTHERWISE WORKED",2321064,1533078,51.4,0.27,"2026-05,2026-06,2026-07",1.6876139687142344
BR->US,291612,ESTERS OF ACRYLIC ACID,451558,233662,93.3,0.28,"2026-05,2026-06,2026-07",1.603093432221312
BR->US,170410,"CHEWING GUM, WHETHER OR NOT SUGAR COATED",122825,80534,52.5,0.31,"2026-05,2026-06,2026-07",1.570117493504724
BR->US,846789,TOOLS WORK IN SELF-CONT NONELECTRIC MTR NESOI,152083,86619,75.6,0.29,"2026-05,2026-06,2026-07",1.4929866999221206
BR->US,170290,"SUGAR, NESOI, INCLUDING INVERT SUGAR & SYRUP",1030804,677515,52.1,0.2,"2026-05,2026-06,2026-07",1.2139651740578954
BR->US,880694,UNMANNED AIRCRAFT MAX TAKE-OFF WT 25KG - 150KG NES,263462,160833,63.8,0.19,"2026-05,2026-06,2026-07",1.0429215465897868
CN->BR,860699,,230994,0,NEW,,"2026-06,2026-07,2026-08",53630.64339299553
CN->BR,870710,,11823956,92138,12732.8,128.24,"2026-06,2026-07,2026-08",353.6381396344128
CN->BR,280700,,3074376,20830,14659.0,45.98,"2026-06,2026-07,2026-08",298.29029786587165
CN->BR,950821,,820414,10854,7458.7,48.83,"2026-06,2026-07,2026-08",288.75903439359183
CN->BR,840420,,482984,825,58449.4,410.27,"2026-06,2026-07,2026-08",284.196622210818
CN->BR,390110,,10322772,264203,3807.1,34.35,"2026-06,2026-07,2026-08",240.95086725900757
CN->BR,850132,,9284009,863180,975.6,31.1,"2026-06,2026-07,2026-08",216.6756672218131
CN->BR,290250,,462929,19365,2290.6,20.15,"2026-06,2026-07,2026-08",114.14379005744946
CN->BR,841960,,3632405,98337,3593.8,17.1,"2026-06,2026-07,2026-08",112.16752030703218
CN->BR,390140,,7551225,338113,2133.3,14.61,"2026-06,2026-07,2026-08",100.49631375209087
CN->BR,401610,,2926345,809456,261.5,15.32,"2026-06,2026-07,2026-08",99.03400700495817
CN->BR,850152,,6913731,1994058,246.7,11.73,"2026-06,2026-07,2026-08",80.20920795394031
CN->BR,761490,,228670,9470,2314.5,13.94,"2026-06,2026-07,2026-08",74.69773247398537
CN->BR,401693,,6664519,3705388,79.9,10.33,"2026-06,2026-07,2026-08",70.49527137403993
CN->BR,870810,,5915527,2348791,151.9,10.28,"2026-06,2026-07,2026-08",69.5824284807379
CN->BR,390120,,14730038,1296627,1036.0,9.19,"2026-06,2026-07,2026-08",65.87693603286586
CN->BR,730531,,1136110,76448,1386.1,10.45,"2026-06,2026-07,2026-08",63.30151633743867
CN->BR,850423,,25049608,2454464,920.6,7.06,"2026-06,2026-07,2026-08",52.218763089167034
CN->BR,391690,,4272423,1656976,157.8,7.72,"2026-06,2026-07,2026-08",51.21650741441869
CN->BR,848520,,14058325,3667333,283.3,7.14,"2026-06,2026-07,2026-08",51.0532175478334
CN->BR,283711,,400309,18557,2057.2,9.11,"2026-06,2026-07,2026-08",51.03443542209876
CN->BR,390410,,236254,24430,867.1,8.82,"2026-06,2026-07,2026-08",47.367063086194115
CN->BR,853610,,1007319,478725,110.4,7.53,"2026-06,2026-07,2026-08",45.17566617390409
CN->BR,390931,,16472252,5790045,184.5,6.26,"2026-06,2026-07,2026-08",45.14456652848718
CN->BR,901814,,2180081,94239,2213.3,6.87,"2026-06,2026-07,2026-08",43.57495930955308
CN->BR,390130,,2475491,873324,183.5,6.54,"2026-06,2026-07,2026-08",41.81623776165009
CN->BR,392020,,5359284,2735811,95.9,6.09,"2026-06,2026-07,2026-08",40.99323201230581
CN->BR,511211,,167076,11253,1384.8,7.8,"2026-06,2026-07,2026-08",40.717699520622396
CN->BR,292910,,20179126,8701204,131.9,5.37,"2026-06,2026-07,2026-08",39.23208340588466
CN->BR,846224,,952438,158620,500.5,6.43,"2026-06,2026-07,2026-08",38.4208671974029
CN->BR,842649,,7996762,1290297,519.8,5.51,"2026-06,2026-07,2026-08",38.05044130678345
CN->BR,300212,,621559,147745,320.7,6.32,"2026-06,2026-07,2026-08",36.58748436909637
CN->BR,290532,,2220906,977281,127.3,5.52,"2026-06,2026-07,2026-08",35.03716772530422
CN->BR,392630,,1975998,962398,105.3,5.32,"2026-06,2026-07,2026-08",33.49044701655571
CN->BR,844819,,120462,16155,645.7,6.5,"2026-06,2026-07,2026-08",33.02472487840559
CN->BR,382100,,528543,186405,183.5,5.72,"2026-06,2026-07,2026-08",32.75229513140492
CN->BR,420231,,452282,81257,456.6,5.77,"2026-06,2026-07,2026-08",32.64400191866639
CN->BR,340242,,5282990,3058917,72.7,4.76,"2026-06,2026-07,2026-08",31.967504533533823
CN->BR,870829,,45329064,24886551,82.1,4.0,"2026-06,2026-07,2026-08",30.639381645285248
CN->BR,840690,,272205,45526,497.9,5.53,"2026-06,2026-07,2026-08",30.050804578127643
CN->BR,390319,,2892813,1356147,113.3,4.59,"2026-06,2026-07,2026-08",29.675496159082435
CN->BR,732392,,1443513,211773,581.6,4.7,"2026-06,2026-07,2026-08",28.925323966887547
CN->BR,390330,,5316083,2230989,138.3,4.28,"2026-06,2026-07,2026-08",28.787000511786445
CN->BR,390311,,9101686,3900307,133.4,4.04,"2026-06,2026-07,2026-08",28.13993144227866
CN->BR,390210,,19312297,6141406,214.5,3.86,"2026-06,2026-07,2026-08",28.122847788123206
CN->BR,721430,,149883,32458,361.8,5.41,"2026-06,2026-07,2026-08",28.019350154770304
CN->BR,293979,,649901,176892,267.4,4.78,"2026-06,2026-07,2026-08",27.79615623172375
CN->BR,870899,,26982105,18245890,47.9,3.7,"2026-06,2026-07,2026-08",27.46741969471948
CN->BR,392062,,3418837,2138856,59.8,4.15,"2026-06,2026-07,2026-08",27.107462283671726
CN->BR,902219,,509474,118478,330.0,4.75,"2026-06,2026-07,2026-08",27.095745928949174
CN->BR,291532,,1059643,169386,525.6,4.49,"2026-06,2026-07,2026-08",27.04901606401027
CN->BR,350691,,5909862,3813652,55.0,3.97,"2026-06,2026-07,2026-08",26.881131402853338
CN->BR,392590,,3173388,1593655,99.1,4.12,"2026-06,2026-07,2026-08",26.803462440775736
CN->BR,902820,,6927479,1584172,337.3,3.86,"2026-06,2026-07,2026-08",26.400780458455976
CN->BR,841690,,111262,33371,233.4,5.23,"2026-06,2026-07,2026-08",26.399320577622877
CN->BR,851130,,4304158,2618574,64.4,3.95,"2026-06,2026-07,2026-08",26.217389948733487
CN->BR,847170,,17225748,7967758,116.2,3.62,"2026-06,2026-07,2026-08",26.181145647307538
CN->BR,870821,,912912,539888,69.1,4.39,"2026-06,2026-07,2026-08",26.157189328979758
CN->BR,700910,,2613923,1728372,51.2,3.99,"2026-06,2026-07,2026-08",25.634977334970262
CN->BR,390799,,4591524,3433848,33.7,3.81,"2026-06,2026-07,2026-08",25.41013339230382
CN->BR,391990,,15960269,11239128,42.0,3.52,"2026-06,2026-07,2026-08",25.38698147511136
CN->BR,391110,,3483408,1574815,121.2,3.88,"2026-06,2026-07,2026-08",25.357080451696405
CN->BR,854430,,14524444,8868390,63.8,3.53,"2026-06,2026-07,2026-08",25.30153539630557
CN->BR,870822,,2759026,1278279,115.8,3.85,"2026-06,2026-07,2026-08",24.813327366879584
CN->BR,845490,,774588,254263,204.6,4.2,"2026-06,2026-07,2026-08",24.748384442936704
CN->BR,851220,,16224017,10547005,53.8,3.41,"2026-06,2026-07,2026-08",24.561953759622874
CN->BR,871160,,21517076,12071326,78.2,3.31,"2026-06,2026-07,2026-08",24.303336748996287
CN->BR,850720,,6475928,4422351,46.4,3.56,"2026-06,2026-07,2026-08",24.264082025709435
CN->BR,540211,,516437,156237,230.5,4.24,"2026-06,2026-07,2026-08",24.22719047304429
CN->BR,811300,,1769419,853773,107.2,3.82,"2026-06,2026-07,2026-08",23.8968246033339
CN->BR,870870,,18304499,9588318,90.9,3.29,"2026-06,2026-07,2026-08",23.869728237985147
CN->BR,293321,,432665,84565,411.6,4.2,"2026-06,2026-07,2026-08",23.690183293228138
CN->BR,320490,,225655,58751,284.1,4.38,"2026-06,2026-07,2026-08",23.462449778205478
CN->BR,870423,,354150,28310,1151.0,4.23,"2026-06,2026-07,2026-08",23.45809224282288
CN->BR,902480,,377966,151002,150.3,4.19,"2026-06,2026-07,2026-08",23.36187627278346
CN->BR,401699,,5233920,3975826,31.6,3.46,"2026-06,2026-07,2026-08",23.226384469311835
CN->BR,291613,,1312967,627502,109.2,3.79,"2026-06,2026-07,2026-08",23.19646611754825
CN->BR,292390,,3181316,1639354,94.1,3.54,"2026-06,2026-07,2026-08",23.03308822773914
CN->BR,731815,,13351122,9756598,36.8,3.22,"2026-06,2026-07,2026-08",22.97948214102587
CN->BR,390421,,209025,24071,768.4,4.31,"2026-06,2026-07,2026-08",22.919246439497144
CN->BR,848350,,5728816,3960503,44.6,3.38,"2026-06,2026-07,2026-08",22.854809444415373
CN->BR,300693,,262239,17580,1391.7,4.2,"2026-06,2026-07,2026-08",22.739272752139367
CN->BR,850213,,2776718,659233,321.2,3.49,"2026-06,2026-07,2026-08",22.517471865287924
CN->BR,291412,,403911,122002,231.1,3.97,"2026-06,2026-07,2026-08",22.251529749254164
CN->BR,848410,,996718,537117,85.6,3.69,"2026-06,2026-07,2026-08",22.158878923735788
CN->BR,846261,,1329935,428435,210.4,3.61,"2026-06,2026-07,2026-08",22.098570049243726
CN->BR,320417,,5606594,3728062,50.4,3.21,"2026-06,2026-07,2026-08",21.649822485187244
CN->BR,870830,,14580450,11614618,25.5,3.01,"2026-06,2026-07,2026-08",21.597047398369476
CN->BR,291614,,2573708,1749612,47.1,3.37,"2026-06,2026-07,2026-08",21.596189193250993
CN->BR,291590,,1124270,475588,136.4,3.54,"2026-06,2026-07,2026-08",21.40861315711164
CN->BR,901380,,211273,115215,83.4,3.98,"2026-06,2026-07,2026-08",21.217980961963775
CN->BR,961900,,6250900,2906592,115.1,3.12,"2026-06,2026-07,2026-08",21.205383444071476
CN->BR,854232,,100939973,42605925,136.9,2.65,"2026-06,2026-07,2026-08",21.20326892702808
CN->BR,842620,,1026100,409122,150.8,3.49,"2026-06,2026-07,2026-08",20.992435514273904
CN->BR,870422,,4375201,981640,345.7,3.15,"2026-06,2026-07,2026-08",20.928485145777255
CN->BR,830990,,1213274,664748,82.5,3.44,"2026-06,2026-07,2026-08",20.918498906851585
CN->BR,842139,,12879234,5262850,144.7,2.91,"2026-06,2026-07,2026-08",20.658959014172293
CN->BR,392061,,1308718,543559,140.8,3.37,"2026-06,2026-07,2026-08",20.62542727402461
CN->BR,481950,,999413,592721,68.6,3.42,"2026-06,2026-07,2026-08",20.524635920383623
CN->BR,700721,,311548,145671,113.9,3.72,"2026-06,2026-07,2026-08",20.43210902974732
CN->BR,271012,,423200,131458,221.9,3.61,"2026-06,2026-07,2026-08",20.33859531123981
CN->BR,390461,,1063387,538144,97.6,3.36,"2026-06,2026-07,2026-08",20.258322265216208
CN->BR,841950,,9787043,6247652,56.7,2.9,"2026-06,2026-07,2026-08",20.257491983474797
CN->BR,731010,,2115063,607763,248.0,3.19,"2026-06,2026-07,2026-08",20.194909242364286
CN->BR,390729,,20075666,12656833,58.6,2.76,"2026-06,2026-07,2026-08",20.127902767605473
CN->BR,903289,,30808063,20160095,52.8,2.66,"2026-06,2026-07,2026-08",19.9138206217516
CN->BR,902710,,1522460,992539,53.4,3.2,"2026-06,2026-07,2026-08",19.810106701048287
CN->BR,291450,,1031874,504045,104.7,3.28,"2026-06,2026-07,2026-08",19.709138799346135
CN->BR,380992,,131838,46614,182.8,3.85,"2026-06,2026-07,2026-08",19.70605623482255
CN->BR,701020,,1301969,635553,104.9,3.21,"2026-06,2026-07,2026-08",19.652920631425655
CN->BR,380991,,694820,267274,160.0,3.33,"2026-06,2026-07,2026-08",19.444455207801422
CN->BR,870892,,3461623,2363806,46.4,2.95,"2026-06,2026-07,2026-08",19.31012473888321
CN->BR,902690,,552582,334143,65.4,3.34,"2026-06,2026-07,2026-08",19.196450240394306
CN->BR,844519,,554637,97480,469.0,3.32,"2026-06,2026-07,2026-08",19.0957393078961
CN->BR,392190,,8041782,6048109,33.0,2.75,"2026-06,2026-07,2026-08",19.010923207013448
CN->BR,830140,,3983922,2538111,57.0,2.87,"2026-06,2026-07,2026-08",18.967838454299645
CN->BR,842131,,984044,693472,41.9,3.16,"2026-06,2026-07,2026-08",18.95775738050144
CN->BR,870850,,11840606,7980958,48.4,2.67,"2026-06,2026-07,2026-08",18.8798967069221
CN->BR,392690,,25393352,21049932,20.6,2.53,"2026-06,2026-07,2026-08",18.73806238338771
CN->BR,846226,,1129185,333545,238.5,3.09,"2026-06,2026-07,2026-08",18.7087258677954
CN->BR,850819,,2375167,1178547,101.5,2.93,"2026-06,2026-07,2026-08",18.67614334704704
CN->BR,901831,,1692071,1182828,43.1,2.97,"2026-06,2026-07,2026-08",18.527627558087918
CN->BR,840991,,24378510,17701221,37.7,2.51,"2026-06,2026-07,2026-08",18.513416553090966
CN->BR,842490,,2520860,1793203,40.6,2.89,"2026-06,2026-07,2026-08",18.483286931190513
CN->BR,283699,,3746087,1796405,108.5,2.8,"2026-06,2026-07,2026-08",18.39223725360737
CN->BR,540269,,133041,31895,317.1,3.59,"2026-06,2026-07,2026-08",18.38802981209601
CN->BR,850450,,13729575,7304146,88.0,2.56,"2026-06,2026-07,2026-08",18.238134828052537
CN->BR,210690,,3983571,2246340,77.3,2.76,"2026-06,2026-07,2026-08",18.234322948621372
CN->BR,871680,,1248723,791434,57.8,2.97,"2026-06,2026-07,2026-08",18.08706784219247
CN->BR,842920,,9106086,4733750,92.4,2.58,"2026-06,2026-07,2026-08",17.93610599481093
CN->BR,871140,,308451,31268,886.5,3.26,"2026-06,2026-07,2026-08",17.906823026578543
CN->BR,320710,,356347,150905,136.1,3.22,"2026-06,2026-07,2026-08",17.90085541187723
CN->BR,291539,,2462222,1748115,40.9,2.8,"2026-06,2026-07,2026-08",17.880941665602297
CN->BR,841920,,181943,52606,245.9,3.39,"2026-06,2026-07,2026-08",17.85121566795381
CN->BR,845130,,508090,179627,182.9,3.13,"2026-06,2026-07,2026-08",17.839145101139263
CN->BR,902290,,2345396,1208297,94.1,2.79,"2026-06,2026-07,2026-08",17.78439813978283
CN->BR,392520,,1163054,781881,48.8,2.93,"2026-06,2026-07,2026-08",17.754283508936265
CN->BR,902110,,2329381,1600080,45.6,2.78,"2026-06,2026-07,2026-08",17.694198840834044
CN->BR,841869,,13985481,8823469,58.5,2.45,"2026-06,2026-07,2026-08",17.477713740758382
CN->BR,392321,,1706444,1205914,41.5,2.76,"2026-06,2026-07,2026-08",17.221798176406647
CN->BR,290611,,438763,198478,121.1,3.05,"2026-06,2026-07,2026-08",17.186612321782505
CN->BR,550340,,267660,106074,152.3,3.16,"2026-06,2026-07,2026-08",17.151662833311608
CN->BR,842542,,1136663,908636,25.1,2.83,"2026-06,2026-07,2026-08",17.13045574699742
CN->BR,830300,,942158,464936,102.6,2.85,"2026-06,2026-07,2026-08",17.054425040582167
CN->BR,843360,,308282,44138,598.4,3.1,"2026-06,2026-07,2026-08",17.02059786307781
CN->BR,910221,,142968,37795,278.3,3.28,"2026-06,2026-07,2026-08",16.920511243270862
CN->BR,760711,,5541842,3970444,39.6,2.49,"2026-06,2026-07,2026-08",16.784147928525904
CN->BR,901910,,2829533,2162708,30.8,2.59,"2026-06,2026-07,2026-08",16.71688043018172
CN->BR,282751,,151771,37256,307.4,3.22,"2026-06,2026-07,2026-08",16.70228307996898
CN->BR,293369,,17521604,11452123,53.0,2.3,"2026-06,2026-07,2026-08",16.62908762872199
CN->BR,870840,,31132905,20504830,51.8,2.22,"2026-06,2026-07,2026-08",16.618307068183075
CN->BR,390690,,10743399,7781276,38.1,2.36,"2026-06,2026-07,2026-08",16.61643275666414
CN->BR,845090,,5531179,3527223,56.8,2.46,"2026-06,2026-07,2026-08",16.605810387463894
CN->BR,761010,,173652,61039,184.5,3.17,"2026-06,2026-07,2026-08",16.58829228866825
CN->BR,382219,,8346177,4836796,72.6,2.39,"2026-06,2026-07,2026-08",16.532662153392774
CN->BR,282810,,2095822,820304,155.5,2.61,"2026-06,2026-07,2026-08",16.502498875348202
CN->BR,400931,,1754680,1209278,45.1,2.64,"2026-06,2026-07,2026-08",16.49256743001729
CN->BR,845590,,1155543,522827,121.0,2.71,"2026-06,2026-07,2026-08",16.438048050457525
CN->BR,691310,,185224,75752,144.5,3.12,"2026-06,2026-07,2026-08",16.416318164593843
CN->BR,281512,,3667739,394721,829.2,2.5,"2026-06,2026-07,2026-08",16.411822344058898
CN->BR,848130,,2908253,2085386,39.5,2.54,"2026-06,2026-07,2026-08",16.40657915028106
CN->BR,290399,,283021,100813,180.7,3.0,"2026-06,2026-07,2026-08",16.362609130197452
CN->BR,460211,,505398,306236,65.0,2.86,"2026-06,2026-07,2026-08",16.319884762228295
CN->BR,852419,,168097,21971,665.1,3.09,"2026-06,2026-07,2026-08",16.15647834617382
CN->BR,902830,,417691,139749,198.9,2.87,"2026-06,2026-07,2026-08",16.154352603597875
CN->BR,293220,,16938756,11397272,48.6,2.23,"2026-06,2026-07,2026-08",16.090418340285673
CN->BR,870895,,3906954,2320154,68.4,2.44,"2026-06,2026-07,2026-08",16.0625144361337
CN->BR,731822,,1677510,1248487,34.4,2.58,"2026-06,2026-07,2026-08",16.035514625162065
CN->BR,940120,,8408338,5468771,53.8,2.32,"2026-06,2026-07,2026-08",16.032476673360303
CN->BR,730290,,198069,55302,258.2,2.99,"2026-06,2026-07,2026-08",15.859690806247558
CN->BR,293420,,2497991,1926941,29.6,2.47,"2026-06,2026-07,2026-08",15.814724412203457
CN->BR,848620,,213333,39996,433.4,2.93,"2026-06,2026-07,2026-08",15.633369961254848
CN->BR,290613,,410127,154165,166.0,2.78,"2026-06,2026-07,2026-08",15.611131629474961
CN->BR,842710,,36072911,24776841,45.6,2.06,"2026-06,2026-07,2026-08",15.592065889518
CN->BR,854290,,695134,318724,118.1,2.66,"2026-06,2026-07,2026-08",15.538969238788589
CN->BR,330410,,2219423,1195084,85.7,2.44,"2026-06,2026-07,2026-08",15.48958935720371
CN->BR,291560,,487184,269543,80.7,2.72,"2026-06,2026-07,2026-08",15.449622737084882
CN->BR,291899,,9465539,4499794,110.4,2.21,"2026-06,2026-07,2026-08",15.410274150235043
CN->BR,560394,,1255878,761409,64.9,2.5,"2026-06,2026-07,2026-08",15.243939296464125
CN->BR,392030,,309933,117749,163.2,2.77,"2026-06,2026-07,2026-08",15.223468652129306
CN->BR,392610,,522349,284637,83.5,2.66,"2026-06,2026-07,2026-08",15.210003646325006
CN->BR,720712,,336635,55290,508.9,2.75,"2026-06,2026-07,2026-08",15.176106387066401
CN->BR,391740,,1921919,1418632,35.5,2.41,"2026-06,2026-07,2026-08",15.116746609667025
CN->BR,481890,,2205463,1331699,65.6,2.38,"2026-06,2026-07,2026-08",15.069418765164455
CN->BR,820790,,1907870,1339842,42.4,2.4,"2026-06,2026-07,2026-08",15.062210578060078
CN->BR,850680,,243580,70041,247.8,2.79,"2026-06,2026-07,2026-08",15.041561323510438
CN->BR,830230,,2812458,1996453,40.9,2.32,"2026-06,2026-07,2026-08",14.978384835946622
CN->BR,390940,,1605879,935124,71.7,2.41,"2026-06,2026-07,2026-08",14.957913083095724
CN->BR,852859,,2128148,1079187,97.2,2.35,"2026-06,2026-07,2026-08",14.861235638039902
CN->BR,852351,,1291621,798395,61.8,2.43,"2026-06,2026-07,2026-08",14.837079199725492
CN->BR,760720,,1726940,1161946,48.6,2.37,"2026-06,2026-07,2026-08",14.802473468263466
CN->BR,843359,,1363221,266574,411.4,2.4,"2026-06,2026-07,2026-08",14.748933785462114
CN->BR,850120,,6236691,3986616,56.4,2.16,"2026-06,2026-07,2026-08",14.673340065945755
CN->BR,190590,,483254,277253,74.3,2.58,"2026-06,2026-07,2026-08",14.656714956233612
CN->BR,292250,,6727478,4758123,41.4,2.13,"2026-06,2026-07,2026-08",14.569733359543754
CN->BR,560490,,104781,45767,128.9,2.9,"2026-06,2026-07,2026-08",14.552943624482724
CN->BR,741980,,289580,163930,76.6,2.66,"2026-06,2026-07,2026-08",14.53155256182531
CN->BR,270111,,268506,58238,361.0,2.67,"2026-06,2026-07,2026-08",14.520446524952952
CN->BR,851020,,3123409,2109052,48.1,2.22,"2026-06,2026-07,2026-08",14.404455226643758
CN->BR,282530,,211604,35629,493.9,2.7,"2026-06,2026-07,2026-08",14.373674693742808
CN->BR,600539,,390585,195959,99.3,2.57,"2026-06,2026-07,2026-08",14.362915355493435
CN->BR,853951,,2818541,1983861,42.1,2.21,"2026-06,2026-07,2026-08",14.280747612111321
CN->BR,940179,,1985534,1501482,32.2,2.25,"2026-06,2026-07,2026-08",14.194158967264238
CN->BR,382212,,190744,49990,281.6,2.68,"2026-06,2026-07,2026-08",14.170720003320774
CN->BR,852190,,2009861,1322147,52.0,2.24,"2026-06,2026-07,2026-08",14.120028636565173
CN->BR,961511,,1288847,899084,43.4,2.3,"2026-06,2026-07,2026-08",14.066690121035508
CN->BR,292219,,1561536,839572,86.0,2.27,"2026-06,2026-07,2026-08",14.049816787816855
CN->BR,340241,,239696,76683,212.6,2.61,"2026-06,2026-07,2026-08",14.044533487890208
CN->BR,401390,,4219752,3248736,29.9,2.11,"2026-06,2026-07,2026-08",13.959463368230876
CN->BR,420221,,283998,158001,79.7,2.56,"2026-06,2026-07,2026-08",13.940543796310909
CN->BR,731021,,1402435,886266,58.2,2.27,"2026-06,2026-07,2026-08",13.935278566876757
CN->BR,292529,,7959047,5428770,46.6,2.01,"2026-06,2026-07,2026-08",13.880036083495295
CN->BR,292239,,357503,148854,140.2,2.47,"2026-06,2026-07,2026-08",13.734619258732828
CN->BR,850432,,1543348,1044182,47.8,2.19,"2026-06,2026-07,2026-08",13.581895998074108
CN->BR,902620,,3754074,3056916,22.8,2.06,"2026-06,2026-07,2026-08",13.575855642945278
CN->BR,840734,,16159275,10433592,54.9,1.86,"2026-06,2026-07,2026-08",13.399784834139785
CN->BR,300215,,1248183,449076,177.9,2.19,"2026-06,2026-07,2026-08",13.372541695846092
CN->BR,851010,,567964,310078,83.2,2.32,"2026-06,2026-07,2026-08",13.362621648223177
CN->BR,321290,,273579,127368,114.8,2.43,"2026-06,2026-07,2026-08",13.185979682139513
CN->BR,910211,,741888,473867,56.6,2.22,"2026-06,2026-07,2026-08",13.060680564961553
CN->BR,291479,,251089,114984,118.4,2.41,"2026-06,2026-07,2026-08",13.030310193550724
CN->BR,820719,,1917710,1344984,42.6,2.07,"2026-06,2026-07,2026-08",12.979843359548845
CN->BR,291830,,1702091,1101510,54.5,2.08,"2026-06,2026-07,2026-08",12.970550245376247
CN->BR,700711,,536335,358401,49.6,2.26,"2026-06,2026-07,2026-08",12.95681976836315
CN->BR,620630,,1211820,790841,53.2,2.12,"2026-06,2026-07,2026-08",12.899187570489895
CN->BR,842132,,5080068,2453614,107.0,1.92,"2026-06,2026-07,2026-08",12.884781361044917
CN->BR,400220,,256573,110109,133.0,2.38,"2026-06,2026-07,2026-08",12.8824015563903
CN->BR,071040,,148133,76017,94.9,2.48,"2026-06,2026-07,2026-08",12.84679775863074
CN->BR,731100,,6003270,3063421,96.0,1.88,"2026-06,2026-07,2026-08",12.711549396193307
CN->BR,848060,,991723,357735,177.2,2.12,"2026-06,2026-07,2026-08",12.689795238140988
CN->BR,810520,,358103,95945,273.2,2.28,"2026-06,2026-07,2026-08",12.68173293074169
CN->BR,420310,,423315,159291,165.8,2.25,"2026-06,2026-07,2026-08",12.67786980089326
CN->BR,732020,,969583,759456,27.7,2.11,"2026-06,2026-07,2026-08",12.642008721801172
CN->BR,610520,,2496322,1531440,63.0,1.97,"2026-06,2026-07,2026-08",12.586382995954706
CN->BR,722810,,2291001,1407533,62.8,1.98,"2026-06,2026-07,2026-08",12.580635191615427
CN->BR,540419,,1234468,836786,47.5,2.04,"2026-06,2026-07,2026-08",12.456344042386897
CN->BR,841581,,1216672,616322,97.4,2.03,"2026-06,2026-07,2026-08",12.374070309268129
CN->BR,420321,,106286,44465,139.0,2.46,"2026-06,2026-07,2026-08",12.348095738045053
CN->BR,480256,,265586,95832,177.1,2.26,"2026-06,2026-07,2026-08",12.236565441266734
CN->BR,630253,,681287,434103,56.9,2.08,"2026-06,2026-07,2026-08",12.12094854897166
CN->BR,540710,,595840,324278,83.7,2.1,"2026-06,2026-07,2026-08",12.114724466594707
CN->BR,841520,,5529893,3324173,66.4,1.8,"2026-06,2026-07,2026-08",12.110325720836972
CN->BR,940521,,706001,523610,34.8,2.06,"2026-06,2026-07,2026-08",12.054313391871283
CN->BR,820530,,100894,65727,53.5,2.41,"2026-06,2026-07,2026-08",12.05283646597816
CN->BR,820720,,112419,49104,128.9,2.39,"2026-06,2026-07,2026-08",12.048626370293364
CN->BR,848490,,427312,312487,36.7,2.13,"2026-06,2026-07,2026-08",12.006521552310335
CN->BR,940399,,528079,352955,49.6,2.1,"2026-06,2026-07,2026-08",12.001772047958852
CN->BR,321511,,520184,398314,30.6,2.1,"2026-06,2026-07,2026-08",11.976460723111762
CN->BR,284990,,243204,82685,194.1,2.22,"2026-06,2026-07,2026-08",11.959991687423306
CN->BR,870110,,690562,286825,140.8,2.05,"2026-06,2026-07,2026-08",11.958715694028927
CN->BR,281700,,195483,46854,317.2,2.26,"2026-06,2026-07,2026-08",11.938350937927103
CN->BR,720280,,563490,103749,443.1,2.07,"2026-06,2026-07,2026-08",11.923104217180347
CN->BR,870310,,484720,266900,81.6,2.07,"2026-06,2026-07,2026-08",11.787601069885458
CN->BR,902131,,182851,73202,149.8,2.24,"2026-06,2026-07,2026-08",11.7715363960078
CN->BR,681512,,174362,51265,240.1,2.24,"2026-06,2026-07,2026-08",11.752084149622785
CN->BR,731824,,226899,152786,48.5,2.19,"2026-06,2026-07,2026-08",11.747432174277456
CN->BR,851110,,1193584,765589,55.9,1.93,"2026-06,2026-07,2026-08",11.704523157003917
CN->BR,390740,,2335734,1380226,69.2,1.82,"2026-06,2026-07,2026-08",11.598708072598098
CN->BR,721923,,209214,92085,127.2,2.17,"2026-06,2026-07,2026-08",11.551510803216564
CN->BR,850710,,2098655,1143302,83.6,1.83,"2026-06,2026-07,2026-08",11.549186144888827
CN->BR,150420,,117293,27682,323.7,2.27,"2026-06,2026-07,2026-08",11.517295646297455
CN->BR,846262,,1577441,686320,129.8,1.85,"2026-06,2026-07,2026-08",11.445088353780559
CN->BR,210390,,297305,173484,71.4,2.09,"2026-06,2026-07,2026-08",11.4313478768606
CN->BR,847490,,4678042,3104080,50.7,1.71,"2026-06,2026-07,2026-08",11.415536083736507
CN->BR,071220,,387252,204954,88.9,2.04,"2026-06,2026-07,2026-08",11.380014518901334
CN->BR,730721,,1532558,892765,71.7,1.84,"2026-06,2026-07,2026-08",11.363031037751835
CN->BR,630493,,524891,320373,63.8,1.99,"2026-06,2026-07,2026-08",11.362679860515525
CN->BR,810194,,205951,96109,114.3,2.12,"2026-06,2026-07,2026-08",11.256888765706028
CN->BR,851890,,5852735,3888230,50.5,1.66,"2026-06,2026-07,2026-08",11.220662334746976
CN->BR,741021,,543088,352365,54.1,1.95,"2026-06,2026-07,2026-08",11.208744266542569
CN->BR,330420,,1339629,883661,51.6,1.83,"2026-06,2026-07,2026-08",11.195624823377228
CN->BR,841510,,5753385,2992940,92.2,1.66,"2026-06,2026-07,2026-08",11.19372492247329
CN->BR,851711,,122678,53451,129.5,2.2,"2026-06,2026-07,2026-08",11.17848539772942
CN->BR,210220,,226670,102458,121.2,2.09,"2026-06,2026-07,2026-08",11.176922863374907
CN->BR,844712,,1895672,1142164,66.0,1.78,"2026-06,2026-07,2026-08",11.165441410367643
CN->BR,380893,,215840152,128024286,68.6,1.33,"2026-06,2026-07,2026-08",11.084508350840172
CN->BR,281390,,169227,44964,276.4,2.11,"2026-06,2026-07,2026-08",11.011783179823773
CN->BR,400932,,683744,453867,50.6,1.88,"2026-06,2026-07,2026-08",10.972589980591081
CN->BR,741122,,720166,287498,150.5,1.87,"2026-06,2026-07,2026-08",10.96350383259679
CN->BR,290543,,406150,216471,87.6,1.95,"2026-06,2026-07,2026-08",10.948669994670055
CN->BR,843790,,442754,295097,50.0,1.94,"2026-06,2026-07,2026-08",10.932721375411354
CN->BR,840820,,7487692,4076024,83.7,1.57,"2026-06,2026-07,2026-08",10.819576063307531
CN->BR,831190,,387872,235135,65.0,1.93,"2026-06,2026-07,2026-08",10.804600800292242
CN->BR,810294,,525711,236084,122.7,1.88,"2026-06,2026-07,2026-08",10.777907562035042
CN->BR,290410,,380563,236395,61.0,1.93,"2026-06,2026-07,2026-08",10.74875754103649
CN->BR,842230,,3418539,2080427,64.3,1.62,"2026-06,2026-07,2026-08",10.616374725559002
CN->BR,271220,,2635141,1303641,102.1,1.65,"2026-06,2026-07,2026-08",10.614731061993075
CN->BR,540784,,100657,34238,194.0,2.11,"2026-06,2026-07,2026-08",10.554860830972595
CN->BR,530911,,245171,82838,196.0,1.95,"2026-06,2026-07,2026-08",10.536273083238918
CN->BR,290529,,359325,223906,60.5,1.89,"2026-06,2026-07,2026-08",10.484015236821822
CN->BR,854071,,2752789,1746074,57.7,1.62,"2026-06,2026-07,2026-08",10.457301975130887
CN->BR,340111,,362512,186466,94.4,1.88,"2026-06,2026-07,2026-08",10.428863798953529
CN->BR,850790,,1973349,1015373,94.3,1.65,"2026-06,2026-07,2026-08",10.355951946317171
CN->BR,761210,,271960,129134,110.6,1.9,"2026-06,2026-07,2026-08",10.344664318799808
CN->BR,851529,,183056,78498,133.2,1.96,"2026-06,2026-07,2026-08",10.333055558390141
CN->BR,290621,,364737,201663,80.9,1.86,"2026-06,2026-07,2026-08",10.330736023187985
CN->BR,071090,,214744,105455,103.6,1.94,"2026-06,2026-07,2026-08",10.32188024801434
CN->BR,851030,,323437,171452,88.6,1.87,"2026-06,2026-07,2026-08",10.315570655808767
CN->BR,200899,,614223,313412,96.0,1.78,"2026-06,2026-07,2026-08",10.30590730165852
CN->BR,293723,,1711123,1003119,70.6,1.65,"2026-06,2026-07,2026-08",10.289571369398587
CN->BR,381129,,419103,217937,92.3,1.82,"2026-06,2026-07,2026-08",10.258492135155224
CN->BR,842619,,13953847,2483698,461.8,1.44,"2026-06,2026-07,2026-08",10.253901801547007
CN->BR,130239,,725651,420432,72.6,1.75,"2026-06,2026-07,2026-08",10.233016874424203
CN->BR,291540,,186866,118387,57.8,1.94,"2026-06,2026-07,2026-08",10.22379184072879
CN->BR,291411,,153267,41436,269.9,1.97,"2026-06,2026-07,2026-08",10.196784591861968
CN->BR,841582,,7585596,3425924,121.4,1.48,"2026-06,2026-07,2026-08",10.19220650956501
CN->BR,800300,,252325,96623,161.1,1.89,"2026-06,2026-07,2026-08",10.185112064223672
CN->BR,480261,,4070857,2486150,63.7,1.54,"2026-06,2026-07,2026-08",10.178023779107418
CN->BR,390230,,2816834,1729745,62.8,1.57,"2026-06,2026-07,2026-08",10.130413163318583
CN->BR,830820,,555539,309874,79.3,1.75,"2026-06,2026-07,2026-08",10.054707134119738
CN->BR,846810,,529087,337277,56.9,1.75,"2026-06,2026-07,2026-08",10.023010907097598
CN->BR,550130,,441357,193005,128.7,1.77,"2026-06,2026-07,2026-08",9.996544299081377
CN->BR,902140,,107983,17444,519.0,1.98,"2026-06,2026-07,2026-08",9.967014919772916
CN->BR,290960,,1033228,605649,70.6,1.65,"2026-06,2026-07,2026-08",9.90653737852341
CN->BR,220299,,123455,68484,80.3,1.94,"2026-06,2026-07,2026-08",9.852826070397471
CN->BR,291611,,558810,273710,104.2,1.71,"2026-06,2026-07,2026-08",9.84846215329808
CN->BR,381239,,1556055,1016924,53.0,1.59,"2026-06,2026-07,2026-08",9.836597517870082
CN->BR,320619,,3344118,1601872,108.8,1.49,"2026-06,2026-07,2026-08",9.746857407799537
CN->BR,591110,,166063,82708,100.8,1.86,"2026-06,2026-07,2026-08",9.716973499204892
CN->BR,291815,,859675,516541,66.4,1.64,"2026-06,2026-07,2026-08",9.712433850482496
CN->BR,540771,,116617,51504,126.4,1.92,"2026-06,2026-07,2026-08",9.708269536195251
CN->BR,843699,,780810,502639,55.3,1.63,"2026-06,2026-07,2026-08",9.632244911866815
CN->BR,300120,,199785,33279,500.3,1.81,"2026-06,2026-07,2026-08",9.577141639053352
CN->BR,392010,,7201551,4616031,56.0,1.4,"2026-06,2026-07,2026-08",9.571718185100604
CN->BR,300241,,11135043,2915569,281.9,1.35,"2026-06,2026-07,2026-08",9.541375536699443
CN->BR,391721,,816492,504880,61.7,1.61,"2026-06,2026-07,2026-08",9.53727845345409
CN->BR,841911,,2701967,1680020,60.8,1.48,"2026-06,2026-07,2026-08",9.519170225974765
CN->BR,190230,,120354,61200,96.7,1.87,"2026-06,2026-07,2026-08",9.506681157319742
CN->BR,390530,,1421087,895724,58.7,1.53,"2026-06,2026-07,2026-08",9.414063990272325
CN->BR,550410,,1542498,796084,93.8,1.51,"2026-06,2026-07,2026-08",9.333429424066527
CN->BR,381519,,863439,466216,85.2,1.57,"2026-06,2026-07,2026-08",9.319032666896586
CN->BR,843850,,238560,103148,131.3,1.73,"2026-06,2026-07,2026-08",9.299187905732076
CN->BR,903040,,672884,430972,56.1,1.57,"2026-06,2026-07,2026-08",9.177122299662857
CN->BR,901850,,1142333,683914,67.0,1.51,"2026-06,2026-07,2026-08",9.171462548023172
CN->BR,290919,,335498,163951,104.6,1.66,"2026-06,2026-07,2026-08",9.15121243734372
CN->BR,330741,,102843,56472,82.1,1.82,"2026-06,2026-07,2026-08",9.119741386570897
CN->BR,701342,,2236000,1447211,54.5,1.42,"2026-06,2026-07,2026-08",9.025771589207777
CN->BR,843139,,3993679,2249134,77.6,1.36,"2026-06,2026-07,2026-08",9.008822628806906
CN->BR,330300,,517303,211502,144.6,1.58,"2026-06,2026-07,2026-08",9.008014568679691
CN->BR,291720,,636425,404633,57.3,1.55,"2026-06,2026-07,2026-08",8.978331232573598
CN->BR,670300,,197093,112885,74.6,1.69,"2026-06,2026-07,2026-08",8.971969219348424
CN->BR,850172,,1222791,677942,80.4,1.46,"2026-06,2026-07,2026-08",8.90138617315432
CN->BR,390770,,245969,117636,109.1,1.64,"2026-06,2026-07,2026-08",8.865570471880178
CN->BR,610510,,987068,620674,59.0,1.47,"2026-06,2026-07,2026-08",8.837580233891805
CN->BR,560311,,1479318,898840,64.6,1.43,"2026-06,2026-07,2026-08",8.822930957405351
CN->BR,720229,,619894,323684,91.5,1.52,"2026-06,2026-07,2026-08",8.795563780580995
CN->BR,292029,,533733,285156,87.2,1.53,"2026-06,2026-07,2026-08",8.77019448003496
CN->BR,847431,,760911,372026,104.5,1.49,"2026-06,2026-07,2026-08",8.762666387466583
CN->BR,730830,,263546,135001,95.2,1.61,"2026-06,2026-07,2026-08",8.751935936109142
CN->BR,291819,,784375,488601,60.5,1.48,"2026-06,2026-07,2026-08",8.730115860288903
CN->BR,721790,,427916,234656,82.4,1.55,"2026-06,2026-07,2026-08",8.716351716870145
CN->BR,283990,,154771,69526,122.6,1.68,"2026-06,2026-07,2026-08",8.696922201541291
CN->BR,291531,,239341,94904,152.2,1.61,"2026-06,2026-07,2026-08",8.667961130855968
CN->BR,902190,,1836356,1160170,58.3,1.37,"2026-06,2026-07,2026-08",8.610988001960791
CN->BR,853540,,754999,353350,113.7,1.46,"2026-06,2026-07,2026-08",8.584171064629961
CN->BR,283524,,335494,209159,60.4,1.54,"2026-06,2026-07,2026-08",8.53452439407188
CN->BR,291735,,607328,289403,109.9,1.47,"2026-06,2026-07,2026-08",8.529858364820665
CN->BR,290559,,910547,508682,79.0,1.43,"2026-06,2026-07,2026-08",8.498928895795757
CN->BR,847480,,2530314,839549,201.4,1.33,"2026-06,2026-07,2026-08",8.495153886501758
CN->BR,845180,,1897131,1054079,80.0,1.35,"2026-06,2026-07,2026-08",8.476658300605747
CN->BR,330620,,381707,240413,58.8,1.52,"2026-06,2026-07,2026-08",8.47210504320924
CN->BR,551643,,129597,57017,127.3,1.66,"2026-06,2026-07,2026-08",8.465105064575175
CN->BR,844790,,953694,583636,63.4,1.41,"2026-06,2026-07,2026-08",8.443942205242815
CN->BR,392069,,909973,564430,61.2,1.42,"2026-06,2026-07,2026-08",8.43706632241991
CN->BR,294140,,1968743,1068722,84.2,1.33,"2026-06,2026-07,2026-08",8.394967887354607
CN->BR,291419,,275952,163307,69.0,1.54,"2026-06,2026-07,2026-08",8.366244899751063
CN->BR,294200,,1407657,808230,74.2,1.36,"2026-06,2026-07,2026-08",8.353770137129397
CN->BR,560790,,259014,159035,62.9,1.54,"2026-06,2026-07,2026-08",8.33363616312345
CN->BR,283526,,2312829,1294201,78.7,1.3,"2026-06,2026-07,2026-08",8.27002535977215
CN->BR,870194,,2188599,1102231,98.6,1.29,"2026-06,2026-07,2026-08",8.15079369645453
CN->BR,902230,,1086101,651683,66.7,1.35,"2026-06,2026-07,2026-08",8.12672600805712
CN->BR,293810,,139180,37264,273.5,1.58,"2026-06,2026-07,2026-08",8.121849828299048
CN->BR,291712,,249490,131782,89.3,1.5,"2026-06,2026-07,2026-08",8.108088307021202
CN->BR,750720,,232513,76876,202.5,1.51,"2026-06,2026-07,2026-08",8.105937210763946
CN->BR,291570,,639731,410240,55.9,1.39,"2026-06,2026-07,2026-08",8.088672716722522
CN->BR,140490,,123612,68879,79.5,1.58,"2026-06,2026-07,2026-08",8.041884998196048
CN->BR,330491,,607424,339124,79.1,1.38,"2026-06,2026-07,2026-08",7.967829347315098
CN->BR,902214,,4276981,2189526,95.3,1.19,"2026-06,2026-07,2026-08",7.890649445235723
CN->BR,560410,,107207,65734,63.1,1.56,"2026-06,2026-07,2026-08",7.855012869170601
CN->BR,391723,,246933,163435,51.1,1.45,"2026-06,2026-07,2026-08",7.823405747650558
CN->BR,540720,,584246,364587,60.2,1.35,"2026-06,2026-07,2026-08",7.794960192424683
CN->BR,550810,,478455,300174,59.4,1.37,"2026-06,2026-07,2026-08",7.780960677891394
CN->BR,282739,,770771,472051,63.3,1.32,"2026-06,2026-07,2026-08",7.777718165998761
CN->BR,840510,,519675,240375,116.2,1.36,"2026-06,2026-07,2026-08",7.759115068150105
CN->BR,820830,,494784,301719,64.0,1.35,"2026-06,2026-07,2026-08",7.712839074421639
CN->BR,851590,,2808908,1837256,52.9,1.19,"2026-06,2026-07,2026-08",7.643947578280392
CN->BR,852499,,104628,49931,109.5,1.52,"2026-06,2026-07,2026-08",7.643447718590124
CN->BR,940531,,2436128,1283325,89.8,1.19,"2026-06,2026-07,2026-08",7.571803986744746
CN->BR,920590,,408272,257677,58.4,1.35,"2026-06,2026-07,2026-08",7.55826144032845
CN->BR,160414,,1902508,1073225,77.3,1.2,"2026-06,2026-07,2026-08",7.533530976792754
CN->BR,820840,,433684,255603,69.7,1.33,"2026-06,2026-07,2026-08",7.523435706371542
CN->BR,551421,,162704,79706,104.1,1.44,"2026-06,2026-07,2026-08",7.519504307478935
CN->BR,680610,,252448,106219,137.7,1.39,"2026-06,2026-07,2026-08",7.486699419799435
CN->BR,291822,,122409,50151,144.1,1.46,"2026-06,2026-07,2026-08",7.44560778015887
CN->BR,810196,,116909,38528,203.4,1.47,"2026-06,2026-07,2026-08",7.428644815856864
CN->BR,480459,,110577,32760,237.5,1.47,"2026-06,2026-07,2026-08",7.417020528553143
CN->BR,847050,,646646,370249,74.7,1.27,"2026-06,2026-07,2026-08",7.396911496285317
CN->BR,620610,,164585,96075,71.3,1.41,"2026-06,2026-07,2026-08",7.365392857852639
CN->BR,291620,,9769646,5074818,92.5,1.05,"2026-06,2026-07,2026-08",7.313584242392647
CN->BR,401019,,325361,172641,88.5,1.32,"2026-06,2026-07,2026-08",7.281579202452002
CN->BR,292320,,168376,79781,111.0,1.39,"2026-06,2026-07,2026-08",7.2449801822315605
CN->BR,901820,,680155,428558,58.7,1.24,"2026-06,2026-07,2026-08",7.239724347463206
CN->BR,550999,,310253,138290,124.4,1.31,"2026-06,2026-07,2026-08",7.219855600516546
CN->BR,851930,,299930,155622,92.7,1.31,"2026-06,2026-07,2026-08",7.150360698374735
CN->BR,810199,,2561449,843122,203.8,1.11,"2026-06,2026-07,2026-08",7.1370525843341035
CN->BR,293722,,432470,276157,56.6,1.27,"2026-06,2026-07,2026-08",7.136975158052801
CN->BR,845521,,455327,137650,230.8,1.26,"2026-06,2026-07,2026-08",7.134025167596995
CN->BR,281810,,1573681,904465,74.0,1.14,"2026-06,2026-07,2026-08",7.0909112223500275
CN->BR,560749,,199455,129573,53.9,1.34,"2026-06,2026-07,2026-08",7.088585283619089
CN->BR,701010,,246386,132239,86.3,1.31,"2026-06,2026-07,2026-08",7.074790905540879
CN->BR,820730,,12412024,8242449,50.6,1.0,"2026-06,2026-07,2026-08",7.065851659322478
CN->BR,950510,,9235470,4647479,98.7,1.01,"2026-06,2026-07,2026-08",7.052511579099296
CN->BR,900190,,1006758,641878,56.8,1.17,"2026-06,2026-07,2026-08",7.043247172472792
CN->BR,540822,,466607,304920,53.0,1.24,"2026-06,2026-07,2026-08",7.038659239486842
CN->BR,320300,,215522,125064,72.3,1.31,"2026-06,2026-07,2026-08",6.9632683489342115
CN->BR,480700,,114865,44295,159.3,1.37,"2026-06,2026-07,2026-08",6.921477471095057
CN->BR,294110,,3274449,2134448,53.4,1.06,"2026-06,2026-07,2026-08",6.915136154428385
CN->BR,611780,,162097,106735,51.9,1.32,"2026-06,2026-07,2026-08",6.885722302075394
CN->BR,291529,,108049,61843,74.7,1.34,"2026-06,2026-07,2026-08",6.748355101581819
CN->BR,282690,,708204,471267,50.3,1.14,"2026-06,2026-07,2026-08",6.657586057026488
CN->BR,610333,,230045,121125,89.9,1.24,"2026-06,2026-07,2026-08",6.654326006689842
CN->BR,760810,,175943,101889,72.7,1.25,"2026-06,2026-07,2026-08",6.579562530749786
CN->BR,521049,,134206,61354,118.7,1.26,"2026-06,2026-07,2026-08",6.446676705268794
CN->BR,730512,,391227,214044,82.8,1.15,"2026-06,2026-07,2026-08",6.423877289073781
CN->BR,620439,,375306,240983,55.7,1.15,"2026-06,2026-07,2026-08",6.399833369711029
CN->BR,251990,,1241286,721151,72.1,1.04,"2026-06,2026-07,2026-08",6.31783920646427
CN->BR,480257,,1102552,617459,78.6,1.04,"2026-06,2026-07,2026-08",6.314057018370628
CN->BR,732310,,249850,156498,59.7,1.14,"2026-06,2026-07,2026-08",6.1310832685305625
CN->BR,847150,,11395747,6427322,77.3,0.87,"2026-06,2026-07,2026-08",6.126532276333495
CN->BR,281910,,483138,235382,105.3,1.08,"2026-06,2026-07,2026-08",6.117241945050998
CN->BR,903010,,112081,39810,181.5,1.21,"2026-06,2026-07,2026-08",6.1126096692652805
CN->BR,081340,,129274,85346,51.5,1.19,"2026-06,2026-07,2026-08",6.091385456956258
CN->BR,890690,,158827,80533,97.2,1.16,"2026-06,2026-07,2026-08",6.031664889125002
CN->BR,580890,,331241,206309,60.6,1.09,"2026-06,2026-07,2026-08",6.010794193979192
CN->BR,846263,,198465,77814,155.1,1.13,"2026-06,2026-07,2026-08",6.004912587077458
CN->BR,030539,,124713,48272,158.4,1.15,"2026-06,2026-07,2026-08",5.8830012189902865
CN->BR,292620,,362673,223201,62.5,1.05,"2026-06,2026-07,2026-08",5.828686219311514
CN->BR,560900,,169101,99950,69.2,1.1,"2026-06,2026-07,2026-08",5.774295380733882
CN->BR,290930,,960846,606778,58.4,0.96,"2026-06,2026-07,2026-08",5.743744929498058
CN->BR,282010,,311812,182649,70.7,1.03,"2026-06,2026-07,2026-08",5.663273633462973
CN->BR,853521,,622824,366860,69.8,0.98,"2026-06,2026-07,2026-08",5.653576163645234
CN->BR,382311,,155216,98443,57.7,1.09,"2026-06,2026-07,2026-08",5.635499388794549
CN->BR,940620,,214599,118746,80.7,1.04,"2026-06,2026-07,2026-08",5.561444622153803
CN->BR,901811,,701831,359743,95.1,0.95,"2026-06,2026-07,2026-08",5.55366971841154
CN->BR,151590,,124388,62658,98.5,1.09,"2026-06,2026-07,2026-08",5.536329652680228
CN->BR,540331,,340282,203915,66.9,1.0,"2026-06,2026-07,2026-08",5.535619957544808
CN->BR,848590,,155526,96580,61.0,1.07,"2026-06,2026-07,2026-08",5.535487550349939
CN->BR,853290,,192790,127954,50.7,1.04,"2026-06,2026-07,2026-08",5.4893465004102335
CN->BR,730621,,329390,178693,84.3,0.99,"2026-06,2026-07,2026-08",5.468093428804685
CN->BR,790111,,775284,251612,208.1,0.93,"2026-06,2026-07,2026-08",5.463693821874724
CN->BR,850433,,862020,276103,212.2,0.91,"2026-06,2026-07,2026-08",5.421870145821799
CN->BR,851981,,1100757,723834,52.1,0.9,"2026-06,2026-07,2026-08",5.413721372153021
CN->BR,290512,,571865,347583,64.5,0.94,"2026-06,2026-07,2026-08",5.409280494898915
CN->BR,842191,,190752,113091,68.7,1.02,"2026-06,2026-07,2026-08",5.3624214526328675
CN->BR,870195,,531473,221050,140.4,0.93,"2026-06,2026-07,2026-08",5.3434390570283625
CN->BR,722519,,6202519,3121425,98.7,0.78,"2026-06,2026-07,2026-08",5.305722755466839
CN->BR,330210,,354133,191328,85.1,0.95,"2026-06,2026-07,2026-08",5.24865063538618
CN->BR,310560,,627350,304762,105.8,0.9,"2026-06,2026-07,2026-08",5.238206385032606
CN->BR,293353,,361103,153741,134.9,0.94,"2026-06,2026-07,2026-08",5.229273736706615
CN->BR,620230,,394266,239688,64.5,0.93,"2026-06,2026-07,2026-08",5.184420834345595
CN->BR,870380,,240341264,158648793,51.5,0.62,"2026-06,2026-07,2026-08",5.172822697314035
CN->BR,520841,,103195,39437,161.7,1.03,"2026-06,2026-07,2026-08",5.148012530827018
CN->BR,481930,,151115,92226,63.9,0.99,"2026-06,2026-07,2026-08",5.144558773894044
CN->BR,940310,,267229,172934,54.5,0.94,"2026-06,2026-07,2026-08",5.128208601600161
CN->BR,841620,,267009,127117,110.0,0.94,"2026-06,2026-07,2026-08",5.077854435020971
CN->BR,611300,,317399,178110,78.2,0.92,"2026-06,2026-07,2026-08",5.063285800412977
CN->BR,283529,,126433,77264,63.6,0.99,"2026-06,2026-07,2026-08",5.054936601865188
CN->BR,292800,,1776462,1130816,57.1,0.8,"2026-06,2026-07,2026-08",4.977264799588971
CN->BR,390390,,417486,275556,51.5,0.88,"2026-06,2026-07,2026-08",4.965598831382613
CN->BR,721924,,126188,67036,88.2,0.97,"2026-06,2026-07,2026-08",4.943047657316361
CN->BR,720510,,212506,133114,59.6,0.92,"2026-06,2026-07,2026-08",4.921566946924268
CN->BR,401290,,191525,125626,52.5,0.92,"2026-06,2026-07,2026-08",4.8785741406435665
CN->BR,870460,,2082911,1280550,62.7,0.77,"2026-06,2026-07,2026-08",4.873528207804327
CN->BR,847759,,508549,336676,51.0,0.85,"2026-06,2026-07,2026-08",4.843750780614001
CN->BR,293790,,321123,156547,105.1,0.87,"2026-06,2026-07,2026-08",4.783355626100097
CN->BR,330610,,180683,87918,105.5,0.91,"2026-06,2026-07,2026-08",4.763107902618183
CN->BR,842870,,2264761,1015955,122.9,0.75,"2026-06,2026-07,2026-08",4.751323567099648
CN->BR,520842,,358386,214215,67.3,0.85,"2026-06,2026-07,2026-08",4.746514190523107
CN->BR,630532,,309298,191965,61.1,0.86,"2026-06,2026-07,2026-08",4.728771257283226
CN->BR,961100,,170603,107576,58.6,0.9,"2026-06,2026-07,2026-08",4.714184867253781
CN->BR,291521,,2169054,1399320,55.0,0.74,"2026-06,2026-07,2026-08",4.712727236658988
CN->BR,291732,,315761,184451,71.2,0.85,"2026-06,2026-07,2026-08",4.677415835107788
CN->BR,740729,,240419,132995,80.8,0.87,"2026-06,2026-07,2026-08",4.673533447112752
CN->BR,290729,,328644,218046,50.7,0.84,"2026-06,2026-07,2026-08",4.634387844715016
CN->BR,550330,,110899,61804,79.4,0.91,"2026-06,2026-07,2026-08",4.596373542611942
CN->BR,480439,,106690,60810,75.4,0.91,"2026-06,2026-07,2026-08",4.5802214691735275
CN->BR,740311,,1522436,575870,164.4,0.74,"2026-06,2026-07,2026-08",4.558739929089333
CN->BR,847981,,1590176,915954,73.6,0.72,"2026-06,2026-07,2026-08",4.492154383187238
CN->BR,902511,,101113,50215,101.4,0.89,"2026-06,2026-07,2026-08",4.473627973454835
CN->BR,841583,,193037,95579,102.0,0.82,"2026-06,2026-07,2026-08",4.356644992558427
CN->BR,310311,,15666811,8519656,83.9,0.6,"2026-06,2026-07,2026-08",4.324961840245903
CN->BR,842381,,216786,140944,53.8,0.81,"2026-06,2026-07,2026-08",4.320116854695195
CN->BR,690290,,215574,123898,74.0,0.8,"2026-06,2026-07,2026-08",4.288614594938445
CN->BR,481149,,357514,233616,53.0,0.73,"2026-06,2026-07,2026-08",4.080546308722933
CN->BR,847529,,379662,153088,148.0,0.73,"2026-06,2026-07,2026-08",4.070242676105033
CN->BR,950824,,117024,71294,64.1,0.8,"2026-06,2026-07,2026-08",4.0398002240910005
CN->BR,520812,,167600,103697,61.6,0.77,"2026-06,2026-07,2026-08",4.007206747283074
CN->BR,381111,,381609,141155,170.3,0.71,"2026-06,2026-07,2026-08",3.973046427978433
CN->BR,280470,,110100,38269,187.7,0.79,"2026-06,2026-07,2026-08",3.9722671462325474
CN->BR,731590,,390199,187315,108.3,0.71,"2026-06,2026-07,2026-08",3.9557917581585906
CN->BR,844831,,110153,65075,69.3,0.78,"2026-06,2026-07,2026-08",3.9379658572135305
CN->BR,151610,,397846,207882,91.4,0.7,"2026-06,2026-07,2026-08",3.9202751739091553
CN->BR,844711,,225444,127810,76.4,0.72,"2026-06,2026-07,2026-08",3.872877264859871
CN->BR,721914,,160853,103173,55.9,0.74,"2026-06,2026-07,2026-08",3.8585973648859273
CN->BR,730230,,265753,127997,107.6,0.7,"2026-06,2026-07,2026-08",3.8217134120472975
CN->BR,731582,,6335541,3594664,76.2,0.56,"2026-06,2026-07,2026-08",3.8198932193442663
CN->BR,610433,,206478,135872,52.0,0.72,"2026-06,2026-07,2026-08",3.807109585136038
CN->BR,851519,,315765,185311,70.4,0.68,"2026-06,2026-07,2026-08",3.734763637304807
CN->BR,540741,,112107,72646,54.3,0.73,"2026-06,2026-07,2026-08",3.7093649359543046
CN->BR,722619,,111142,64660,71.9,0.73,"2026-06,2026-07,2026-08",3.6928496185223936
CN->BR,540332,,134335,55041,144.1,0.72,"2026-06,2026-07,2026-08",3.6893887914338035
CN->BR,710692,,234838,135078,73.9,0.68,"2026-06,2026-07,2026-08",3.664203717895209
CN->BR,844313,,1700654,1013662,67.8,0.59,"2026-06,2026-07,2026-08",3.656571755091919
CN->BR,150500,,158276,72468,118.4,0.69,"2026-06,2026-07,2026-08",3.5729107241579663
CN->BR,910610,,106226,62700,69.4,0.7,"2026-06,2026-07,2026-08",3.508510123464951
CN->BR,051000,,281148,148730,89.0,0.64,"2026-06,2026-07,2026-08",3.4883929725920075
CN->BR,500200,,182647,112442,62.4,0.66,"2026-06,2026-07,2026-08",3.4852817646656282
CN->BR,940539,,177545,95130,86.6,0.64,"2026-06,2026-07,2026-08",3.3544519488362012
CN->BR,722880,,100996,64060,57.7,0.65,"2026-06,2026-07,2026-08",3.2491119028157565
CN->BR,842612,,11017843,6223348,77.0,0.46,"2026-06,2026-07,2026-08",3.2294360782130918
CN->BR,854519,,1280624,692742,84.9,0.52,"2026-06,2026-07,2026-08",3.201220664254689
CN->BR,732219,,184969,109577,68.8,0.57,"2026-06,2026-07,2026-08",2.982594128436076
CN->BR,282619,,180160,107146,68.1,0.55,"2026-06,2026-07,2026-08",2.9010287818196576
CN->BR,253090,,116104,76097,52.6,0.56,"2026-06,2026-07,2026-08",2.828201972395249
CN->BR,750712,,1535041,991679,54.8,0.45,"2026-06,2026-07,2026-08",2.7799695567729903
CN->BR,900640,,295079,191218,54.3,0.5,"2026-06,2026-07,2026-08",2.75671419033666
CN->BR,750512,,276473,172756,60.0,0.49,"2026-06,2026-07,2026-08",2.6869817769692137
CN->BR,293020,,645776,427451,51.1,0.44,"2026-06,2026-07,2026-08",2.528392904906234
CN->BR,282580,,507959,322155,57.7,0.43,"2026-06,2026-07,2026-08",2.4816328995015935
CN->BR,843340,,194656,100710,93.3,0.47,"2026-06,2026-07,2026-08",2.479139040125214
CN->BR,740811,,2058582,1121726,83.5,0.39,"2026-06,2026-07,2026-08",2.479101369570436
CN->BR,294150,,238372,145389,64.0,0.43,"2026-06,2026-07,2026-08",2.333420804840833
CN->BR,720292,,199272,109845,81.4,0.43,"2026-06,2026-07,2026-08",2.2591930481743185
CN->BR,130231,,110026,72447,51.9,0.4,"2026-06,2026-07,2026-08",2.039589585548184
CN->BR,902781,,170798,112478,51.8,0.39,"2026-06,2026-07,2026-08",2.0271293614485772
CN->BR,848510,,101650,52660,93.0,0.4,"2026-06,2026-07,2026-08",2.0186494052306703
CN->BR,731600,,2827479,1485638,90.3,0.29,"2026-06,2026-07,2026-08",1.8510531794982383
CN->US,811241,"RHENIUM, UNWROUGHT; WASTE AND SCRAP; POWDERS",253757,0,NEW,,"2026-05,2026-06,2026-07",54038.775894903265
CN->US,290374,"CHLORODIFLUOROETHANES (HCFC-142, 142B)",143613,0,NEW,,"2026-05,2026-06,2026-07",51566.78035104119
CN->US,292211,MONOETHANOLAMINE AND ITS SALTS,726686,2537,28541.6,190.62,"2026-05,2026-06,2026-07",293.0673496283687
CN->US,290532,"PROPYLENE GLYCOL (PROPANE-1,2-DIOL)",5712849,185831,2974.2,21.73,"2026-05,2026-06,2026-07",146.84487934653322
CN->US,283529,"PHOSPHATES, NESOI",4729276,358097,1220.7,19.38,"2026-05,2026-06,2026-07",129.3412547330446
CN->US,722540,"FLT-RLD OTH ALLOY STL 600MM OM W, HT-RLD NT COILS",622653,18314,3299.8,22.29,"2026-05,2026-06,2026-07",129.15014359820964
CN->US,848610,MACHINES FOR THE MANUFACTURE OF BOULES OR WAFERS,10420328,603213,1627.5,17.29,"2026-05,2026-06,2026-07",121.35329757242657
CN->US,390120,POLYETHYLENE HAVING A SPEC GRAVITY OF 0.94 OR MORE,1184333,78063,1417.1,17.42,"2026-05,2026-06,2026-07",105.8273200928384
CN->US,291533,N-BUTYL ACETATE,123581,9564,1192.1,17.72,"2026-05,2026-06,2026-07",90.25283217643253
CN->US,852351,SOLID-STATE NON-VOL SEMICONDUCTOR STORAGE DEVICES,51683654,14244848,262.8,11.61,"2026-05,2026-06,2026-07",89.58457895959802
CN->US,291412,BUTANONE,484944,13756,3425.4,15.1,"2026-05,2026-06,2026-07",85.84122519699224
CN->US,290219,"CYCLANES, CYCLENES AND CYCLOTERPENES NESOI",883668,114038,674.9,13.1,"2026-05,2026-06,2026-07",77.90188449329649
CN->US,853529,AUTO CIRCT BREAKER VOLTAGE 72.5 KV OR MORE,1071330,87346,1126.5,11.56,"2026-05,2026-06,2026-07",69.73274191980555
CN->US,600641,"KNIT/CROCT FABS,ARTIF. FBRS, UNBLEACH/BLEACHED, NE",666961,105095,534.6,10.99,"2026-05,2026-06,2026-07",64.00976445995529
CN->US,390729,"POLYETHERS, NESOI",11082189,2076140,433.8,8.3,"2026-05,2026-06,2026-07",58.44720074036069
CN->US,291611,ACRYLIC ACID AND ITS SALTS,159120,9568,1563.1,10.58,"2026-05,2026-06,2026-07",55.01304879525937
CN->US,853670,"CONNECTORS FOR OPTICAL FIBERS, BUNDLES OR CABLES",8535970,3235481,163.8,7.84,"2026-05,2026-06,2026-07",54.371410913860544
CN->US,300439,HORMONES ETC. (NO ANTIBIOTICS CONTAINED) DOSAGE FM,390747897,40499425,864.8,5.83,"2026-05,2026-06,2026-07",50.12702617343332
CN->US,740311,REFINED COPPER CATHODES AND SECTIONS OF CATHODES,233038,19130,1118.1,9.27,"2026-05,2026-06,2026-07",49.74471645094887
CN->US,843780,"MACH F MILLING OR WORKING CEREALS & VEG, EXC FARM",375109,58228,544.2,8.88,"2026-05,2026-06,2026-07",49.51075885221704
CN->US,847160,"ADP INPUT OR OUTPUT UNITS, STORAGE OR NOT, NESOI",125314552,53938319,132.3,6.01,"2026-05,2026-06,2026-07",48.70531235691669
CN->US,284180,TUNGSTATES (WOLFRAMATES),21754472,3568216,509.7,6.5,"2026-05,2026-06,2026-07",47.69561343948856
CN->US,400912,"PIPE, NT REINFORCED/COMB. W/ MATERIALS W/ FITTINGS",4368845,1737951,151.4,6.99,"2026-05,2026-06,2026-07",46.390852595653946
CN->US,841620,FURNACE BURNERS FOR PULVERIZED SOLID FUEL/GAS ETC,2709898,899206,201.4,6.96,"2026-05,2026-06,2026-07",44.78186501210592
CN->US,850432,"TRANSFORMERS, NESOI,> 1 KVA BUT =< 16 KVA",3418869,1146819,198.1,6.69,"2026-05,2026-06,2026-07",43.696078259704
CN->US,854470,INSULATED OPTICAL FIBER CABLES WITH INDVULY SH FBR,84349934,26898704,213.6,5.28,"2026-05,2026-06,2026-07",41.85066915785368
CN->US,050510,DOWN FOR STUFFING CLEANED/DISINFECT TREAT FOR PRES,7221676,1711026,322.1,6.05,"2026-05,2026-06,2026-07",41.4955546716045
CN->US,480255,"PAPER NESOI, NOV 10% FIB MECH PR, 40G/M2NOV150G/M2",186688,22021,747.8,7.84,"2026-05,2026-06,2026-07",41.34151809297081
CN->US,730721,"PIPE OR TUBE FITTINGS NESOI, ST STEEL FLANGES",1463069,629936,132.3,6.65,"2026-05,2026-06,2026-07",41.00997832334626
CN->US,730729,STAINLESS STEEL TUBE OR PIPE FITTINGS NESOI,11860999,5992682,97.9,5.68,"2026-05,2026-06,2026-07",40.18044620385602
CN->US,842220,MACH FOR CLEAN OR DRY BOTTLES OR OTHER CONTAINERS,418891,77780,438.6,6.95,"2026-05,2026-06,2026-07",39.078957658181885
CN->US,721699,ANGLES SHAPES SECTIONS IRON/NONALLOY STEEL NESOI,4379961,1146908,281.9,5.81,"2026-05,2026-06,2026-07",38.57811462037583
CN->US,853530,ISOLATING SWITCH & MAKE-&-BREAK SWTCH VOLT > 1000V,1657128,266350,522.2,6.15,"2026-05,2026-06,2026-07",38.272281627568326
CN->US,860799,PTS OF RAILWAY/TRAMWAY EXC LOCOMO/ROLLG STCK NESOI,5403876,2480340,117.9,5.68,"2026-05,2026-06,2026-07",38.230974453953095
CN->US,830629,"STATUETTES A OTH ORNMNTS A PRTS, BS METL NT PM PLT",84427829,43665984,93.3,4.82,"2026-05,2026-06,2026-07",38.19196414593896
CN->US,382499,"PRODUCTS AND RESIDUALS OF CHEMICAL INDUSTRY, NESOI",41233737,17305384,138.3,4.91,"2026-05,2026-06,2026-07",37.36982695097147
CN->US,810199,"TUNGSTEN, WROUGHT, NESOI",4027705,1473084,173.4,5.66,"2026-05,2026-06,2026-07",37.3620970819591
CN->US,720851,"FLT-HOT-ROLL IRN,NONALY ST,NOT COIL>10MM THK,NESOI",132477,15057,779.8,7.2,"2026-05,2026-06,2026-07",36.868604235236404
CN->US,870790,"BODIES F ROAD TRACTORS AND MOTOR VEH(PUB TRAN,ETC)",388170,82754,369.1,6.5,"2026-05,2026-06,2026-07",36.31455462066762
CN->US,852359,"SEMICONDUCTOR MEDIA, RCRDNG SOUND/OTH PHENOM NESOI",952969,326844,191.6,5.89,"2026-05,2026-06,2026-07",35.21041186535568
CN->US,847130,PORT DIGTL AUTOMATIC DATA PROCESS MACH NOT > 10 KG,548749840,197497053,177.9,4.01,"2026-05,2026-06,2026-07",35.02151084588443
CN->US,271112,"PROPANE, LIQUEFIED",304630,59993,407.8,6.19,"2026-05,2026-06,2026-07",33.954484139973225
CN->US,852550,TRANSMISSION APP FOR RADIO-BROADCAST OR TELEVISION,6760713,2530679,167.2,4.97,"2026-05,2026-06,2026-07",33.9219327269543
CN->US,852610,RADAR APPARATUS,2256099,845114,167.0,5.25,"2026-05,2026-06,2026-07",33.37137253938259
CN->US,271114,"ETHYLENE, PROPYLENE, BUTYLENE, BUTADIENE LIQUEFIED",123530,25314,388.0,6.55,"2026-05,2026-06,2026-07",33.36013189576687
CN->US,847150,"DIGITAL PROCESSING UNITS, N.E.S.O.I.",59085773,31776116,85.9,4.29,"2026-05,2026-06,2026-07",33.31396044189648
CN->US,740710,"BARS, RODS AND PROFILES OF REFINED COPPER",3004175,885291,239.3,5.12,"2026-05,2026-06,2026-07",33.165371027337194
CN->US,271113,"BUTANES, LIQUEFIED",190954,55061,246.8,6.28,"2026-05,2026-06,2026-07",33.13856051573024
CN->US,852862,PROJECTORS CAP OF DIRECT CONECT TO ADP OF HEAD8471,16771348,7824402,114.3,4.57,"2026-05,2026-06,2026-07",33.03954667803683
CN->US,540769,"WOVEN FABRICS,85 PERCENT OR MORE POLYESTER, NESOI",600691,254258,136.3,5.69,"2026-05,2026-06,2026-07",32.89014947626631
CN->US,210500,"ICE CREAM AND OTHER EDIBLE ICE, WITH COCOA OR NOT",5817498,1532258,279.7,4.83,"2026-05,2026-06,2026-07",32.68664885824526
CN->US,950829,"AMUSEMENT PARK RIDES, NESOI",2298954,922198,149.3,5.08,"2026-05,2026-06,2026-07",32.3328711638167
CN->US,810399,"ARTICLES OF TANTALUM, NESOI",12380613,3386763,265.6,4.56,"2026-05,2026-06,2026-07",32.309317291508115
CN->US,720221,FERROSILICON WITH OVER 55 PERCENT SILICON,366117,32088,1041.0,5.71,"2026-05,2026-06,2026-07",31.74056028756208
CN->US,847330,PARTS & ACCESSORIES FOR ADP MACHINES & UNITS,687670313,445627219,54.3,3.59,"2026-05,2026-06,2026-07",31.69173834654699
CN->US,880790,"PARTS OF GOODS OF HEADING 8801, 8802 OR 8806 NESOI",349757,86240,305.6,5.69,"2026-05,2026-06,2026-07",31.56907093999514
CN->US,850434,"TRANSFORMERS, NESOI, > 500 KVA",8314211,1912264,334.8,4.56,"2026-05,2026-06,2026-07",31.53244131576343
CN->US,550340,"SYN STP FIB NT CRD, CMB OR PRSD SPNG, POLYPROPLENE",265242,32508,715.9,5.73,"2026-05,2026-06,2026-07",31.05155757136992
CN->US,200580,"SWEET CORN, PREPARED/PRESERVED NESOI, NOT FROZEN",923862,212290,335.2,5.16,"2026-05,2026-06,2026-07",30.784505626036882
CN->US,850490,PTS FOR ELECT TRANSFORMERS STATIC CONVERTERS INDCT,49344263,27854522,77.1,4.0,"2026-05,2026-06,2026-07",30.755270945650835
CN->US,290129,"ACYCLIC HYDROCARBONS, UNSATURATED NESOI",551475,129883,324.6,5.29,"2026-05,2026-06,2026-07",30.347900632891587
CN->US,850440,STATIC CONVERTERS; ADP POWER SUPPLIES,226897492,175456487,29.3,3.58,"2026-05,2026-06,2026-07",29.940022466660853
CN->US,520829,"WOV COT FAB, BL WEA NESOI NU 85% COT NOV 200 G/M2",205034,33890,505.0,5.53,"2026-05,2026-06,2026-07",29.37582639003638
CN->US,660191,UMBRELLAS HAVING A TELESCOPIC SHAFT,12398052,6612369,87.5,4.06,"2026-05,2026-06,2026-07",28.81179848004418
CN->US,843020,SNOWPLOWS AND SNOWBLOWERS,6480707,1534279,322.4,4.21,"2026-05,2026-06,2026-07",28.698879539910095
CN->US,611490,"OTHER GARMENTS OF OTHER TEXTILE MATERIALS, KNITTED",7176929,3724596,92.7,4.16,"2026-05,2026-06,2026-07",28.49675853996653
CN->US,291714,MALEIC ANHYDRIDE,371588,57544,545.7,5.11,"2026-05,2026-06,2026-07",28.47705029016778
CN->US,800110,"TIN, UNWROUGHT, NOT ALLOYED",447292,26407,1593.9,4.92,"2026-05,2026-06,2026-07",27.78964980960868
CN->US,851930,TURNTABLES (RECORD-DECKS),7408069,3983187,86.0,4.01,"2026-05,2026-06,2026-07",27.550746663642148
CN->US,630629,"TENTS, OF TEXTILE MATERIALS NESOI",6467366,4004738,61.5,4.01,"2026-05,2026-06,2026-07",27.295573626725055
CN->US,901380,"OPTICAL DEVICES, APPLIANCES AND INSTRUMENTS, NESOI",31461673,19206166,63.8,3.63,"2026-05,2026-06,2026-07",27.24259828603266
CN->US,732391,TBL KTCHN OTH HH ARTCLS A PTS CST IRN NT ENMLD,9832359,6133906,60.3,3.89,"2026-05,2026-06,2026-07",27.176107632121184
CN->US,681512,FABRICS OF CARBON FIBERS FOR NON-ELECRTICAL USES,265203,52225,407.8,4.98,"2026-05,2026-06,2026-07",27.01062705179558
CN->US,611420,"OTHER GARMENTS OF COTTON, KNITTED OR CROCHETED",7312201,4196247,74.3,3.93,"2026-05,2026-06,2026-07",27.001759103272295
CN->US,810194,"TUNGSTEN, UNWROUGHT,OBTAINED SIMPLY  BY SINTERING",5203861,1163800,347.1,4.01,"2026-05,2026-06,2026-07",26.953727813661164
CN->US,853890,PT F ELECT APPR F ELECT CIRCT; F ELCT CONTRL NESOI,50345653,39497914,27.5,3.49,"2026-05,2026-06,2026-07",26.90538720070308
CN->US,900110,"OPTICAL FIBERS, OPTICAL FIBER BUNDLES AND CABLES E",30608776,6755520,353.1,3.51,"2026-05,2026-06,2026-07",26.255752326017827
CN->US,291560,"BUTYRIC ACID, VALERIC ACID, THEIR SALTS AND ESTERS",1125783,498221,126.0,4.32,"2026-05,2026-06,2026-07",26.16338908936233
CN->US,291550,"PROPIONIC ACID, ITS SALTS AND ESTERS",373754,175055,113.5,4.69,"2026-05,2026-06,2026-07",26.116908277668365
CN->US,291614,ESTERS OF METHACRYLIC ACID,2406303,968384,148.5,4.06,"2026-05,2026-06,2026-07",25.938985049475846
CN->US,850423,LIQ DIELECT TRANSFRM POWER HAND CAP > 10T KVA,28174963,7085514,297.6,3.46,"2026-05,2026-06,2026-07",25.81207713209209
CN->US,330690,"PREPARATIONS FOR ORAL/DENTAL HYGIENE, NESOI",3358431,1052062,219.2,3.92,"2026-05,2026-06,2026-07",25.603755727465305
CN->US,810320,UNWROUGHT TANTALUM (BARS&RODS OBT BY SINTER.); PWD,8953226,3061451,192.5,3.67,"2026-05,2026-06,2026-07",25.513841682118468
CN->US,721050,FR IOS NA 600MM AO W CTD/PLTD W CRO OR CR AND CRO,4579914,2510022,82.5,3.81,"2026-05,2026-06,2026-07",25.395986835544935
CN->US,850431,"TRANSFORMERS NESOI, POWER HANDLING CAP NOV 1 KVA",13212115,9981442,32.4,3.54,"2026-05,2026-06,2026-07",25.188787037344927
CN->US,570310,"CARPETS, OTH FLOOR COVER OF WOOL/FINE ANIMAL HAIR",1659290,878817,88.8,4.02,"2026-05,2026-06,2026-07",25.01683731150875
CN->US,853590,ELECT APPR F PRTCT TO ELECT CIRCT >1000 V NESOI,7393223,4971382,48.7,3.64,"2026-05,2026-06,2026-07",25.000060571933208
CN->US,491191,"PICTURES, DESIGNS AND PHOTOGRAPHS, PRINTED",64206996,35948253,78.6,3.17,"2026-05,2026-06,2026-07",24.73009673087565
CN->US,810520,"COBALT, UNWROUGHT,  PWDRS, MATTES ETC",123314,14232,766.4,4.84,"2026-05,2026-06,2026-07",24.619214736406455
CN->US,380210,ACTIVATED CARBON,1498454,639920,134.2,3.98,"2026-05,2026-06,2026-07",24.558635599038745
CN->US,292249,"AMINO-ACIDS & ESTERS, 1 OXYGEN FUNCTION NESOI",16939478,11293289,50.0,3.38,"2026-05,2026-06,2026-07",24.408730303692938
CN->US,871640,"TRAILERS AND SEMI-TRAILERS, NESOI",2731778,1389494,96.6,3.78,"2026-05,2026-06,2026-07",24.31714197689796
CN->US,290629,AROMATIC ALCOHOLS AND THEIR HALO ETC DER NESOI,744141,320540,132.2,4.14,"2026-05,2026-06,2026-07",24.296062691023028
CN->US,902910,"REVOLUTION COUNTERS, PRODUCTION COUNTERS, ETC",708285,327094,116.5,4.14,"2026-05,2026-06,2026-07",24.236275748870423
CN->US,811100,"MANGANESE AND ARTCLES THEREOF, INC WASTE AND SCRAP",13597062,5189417,162.0,3.37,"2026-05,2026-06,2026-07",24.071528931561247
CN->US,670411,"COMPLETE WIGS, OF SYNTHETIC TEXTILE MATERIALS",1101961,608212,81.2,3.96,"2026-05,2026-06,2026-07",23.935855746029986
CN->US,940191,WOODEN PARTS OF SEATS,4920859,2574254,91.2,3.57,"2026-05,2026-06,2026-07",23.909384450462618
CN->US,291711,"OXALIC ACID, ITS SALTS AND ESTERS",412926,189937,117.4,4.25,"2026-05,2026-06,2026-07",23.872613466454197
CN->US,842123,OIL OR FUEL FILTERS FOR INTERNAL COMBUSTION ENGINE,19854924,12711047,56.2,3.26,"2026-05,2026-06,2026-07",23.813572554338997
CN->US,090421,"CAPSICUM (PEPPERS) OR PIMENTA (ALLSPICE), DRIED",4850789,2583896,87.7,3.56,"2026-05,2026-06,2026-07",23.768433229393924
CN->US,390469,"FLUORO-POLYMERS NESOI, IN PRIMARY FORMS",6204983,3219992,92.7,3.49,"2026-05,2026-06,2026-07",23.686880745200632
CN->US,190120,MIXES & DOUGHS FOR PREP OF BAKERS WARES HDG 1905,1047974,233758,348.3,3.93,"2026-05,2026-06,2026-07",23.66111772661415
CN->US,392321,SACKS & BAGS (INCL CONES) OF POLYMERS OF ETHYLENE,41427814,31220670,32.7,3.1,"2026-05,2026-06,2026-07",23.651486540065008
CN->US,850519,PERMANENT MAGNETS MADE OF MATERIALS O/T METAL,5814520,4033430,44.2,3.45,"2026-05,2026-06,2026-07",23.3624117153723
CN->US,220210,"WATERS, INCL MINERAL & AERATED, SWEETND OR FLAVORD",720939,392148,83.8,3.99,"2026-05,2026-06,2026-07",23.35438531544132
CN->US,852910,ANTENNAS AND ANTENNA REFLECTORS AND PARTS,7655942,5445442,40.6,3.37,"2026-05,2026-06,2026-07",23.200830779109985
CN->US,853669,ELECT PLUGS & SOCKETS F VOLTAGE NOT OVER 1000 V,64658196,47906476,35.0,2.96,"2026-05,2026-06,2026-07",23.154760808711156
CN->US,851981,SOUND RECD/REPRD APP MGNT/OPTCL/SEMICONDUCTR NESOI,35684706,18513783,92.7,3.02,"2026-05,2026-06,2026-07",22.837214928449644
CN->US,285390,OTHER INORG CMPDS;LQ/CMPRSD AIR;AMALG EXC PREC MET,732355,232031,215.6,3.81,"2026-05,2026-06,2026-07",22.345578290409698
CN->US,570292,"TEXTILE CARPETS, WOV NO PILE, MMF, MADE UP",3094222,1272692,143.1,3.44,"2026-05,2026-06,2026-07",22.319210062211223
CN->US,400270,ETHYLENE-PROPYLENE-NONCONJUGATED DIENE RUBBER,317954,108755,192.4,4.05,"2026-05,2026-06,2026-07",22.26875982131707
CN->US,842940,"TAMPING MACHINES AND ROAD ROLLERS, SELF-PROPELLED",6623985,3448188,92.1,3.26,"2026-05,2026-06,2026-07",22.23165590422037
CN->US,851718,"TELEPHONE SETS, NESOI",24211311,14016767,72.7,3.0,"2026-05,2026-06,2026-07",22.148753598442624
CN->US,902300,"INST, APPTS&MODELS,FOR DEMONSTRATIONAL USE& PARTS",12331186,7964210,54.8,3.12,"2026-05,2026-06,2026-07",22.14756272328829
CN->US,961511,"COMBS, HAIR-SLIDES & ETC OF HARD RUBBER/PLASTICS",14016925,9205355,52.3,3.09,"2026-05,2026-06,2026-07",22.053765909256743
CN->US,851680,ELECTRIC HEATING RESISTORS,4833998,3297911,46.6,3.3,"2026-05,2026-06,2026-07",22.04478338173646
CN->US,842959,"MECH SHOVELS, EXCAVATORS AND SHOVEL LOADERS NESOI",1700322,320248,430.9,3.52,"2026-05,2026-06,2026-07",21.960771274605342
CN->US,610910,"T-SHIRTS, SINGLETS, TANK TOPS ETC, KNIT ETC COTTON",18142802,12560294,44.4,3.0,"2026-05,2026-06,2026-07",21.758210367448704
CN->US,700529,NONWIRED GLASS NESOI IN SHEETS,445737,173647,156.7,3.84,"2026-05,2026-06,2026-07",21.667028252714424
CN->US,847490,PARTS OF MACH FOR SORTING ETC EARTH STONE ORES ETC,10206211,6209402,64.4,3.09,"2026-05,2026-06,2026-07",21.660741838232884
CN->US,291739,"AROMATIC POLYCARBOXYLIC ACIDS, ANHYDRIDE ETC NESOI",4975284,2354409,111.3,3.22,"2026-05,2026-06,2026-07",21.588905497497606
CN->US,151800,"ANML,VEG,MICROBIAL FAT OIL&FRACTION,CHEM MOD NESOI",106589285,35443258,200.7,2.69,"2026-05,2026-06,2026-07",21.573516500457348
CN->US,283660,BARIUM CARBONATE,102659,7812,1214.1,4.29,"2026-05,2026-06,2026-07",21.504302049850356
CN->US,480593,"PPR/PBRD,UNCT,RL/ST, WT 225 G/M2 OR MORE, NESOI",152982,35284,333.6,4.14,"2026-05,2026-06,2026-07",21.481968130530433
CN->US,810490,"MAGNESIUM AND ARTICLES THEREOF, NESOI",965116,357903,169.7,3.54,"2026-05,2026-06,2026-07",21.173628099663926
CN->US,290110,"ACYCLIC HYDROCARBONS, SATURATED",607625,186495,225.8,3.66,"2026-05,2026-06,2026-07",21.160196074002865
CN->US,846223,NUMERICAL CONTROL PRESS BRAKES FOR FLAT METAL PROD,891996,275491,223.8,3.53,"2026-05,2026-06,2026-07",21.026368303438137
CN->US,940399,"PARTS OF OTHER FURNITURE, NESOI",61789028,45093548,37.0,2.69,"2026-05,2026-06,2026-07",20.961611523190122
CN->US,851290,PT ELECT LGHTNG/SGNLNG EQ WNDSHIELD WPR DFRSTR ETC,13338986,7861104,69.7,2.94,"2026-05,2026-06,2026-07",20.937950808839144
CN->US,630260,TOILET & KITCHEN LINEN OF COTTON TERRY FABRICS,29715086,21403085,38.8,2.8,"2026-05,2026-06,2026-07",20.925425503998216
CN->US,845611,MACHINE TOOLS FOR REMOVE MAT OPERATED BY LASER,9071966,4820325,88.2,3.0,"2026-05,2026-06,2026-07",20.89319752812211
CN->US,291612,ESTERS OF ACRYLIC ACID,1193975,482240,147.6,3.43,"2026-05,2026-06,2026-07",20.839882232849046
CN->US,610891,"W/G NEGLIGEES BATHROBES & SIMILAR ART COTTON, KNIT",1505773,936912,60.7,3.37,"2026-05,2026-06,2026-07",20.797213812100377
CN->US,630291,TOILET & KITCHEN LINEN OF COTTON FABRIC EXC TERRY,3663199,1694127,116.2,3.11,"2026-05,2026-06,2026-07",20.43457428745389
CN->US,820900,"PLATES, STICKS TIPS ETC F TOOLS UNMOUNTD CERMETS",9684523,4423647,118.9,2.92,"2026-05,2026-06,2026-07",20.41274013489107
CN->US,830590,BS METL LETTR A PAPER CLIPS OTH OFFC ARTIC A PARTS,2392270,1386784,72.5,3.2,"2026-05,2026-06,2026-07",20.411691403145714
CN->US,970610,ANTIQUES OF AN AGE EXCEEDING 250 YEARS,787459,135846,479.7,3.45,"2026-05,2026-06,2026-07",20.346210777280113
CN->US,291613,METHACRYLIC ACID AND ITS SALTS,160523,16984,845.1,3.88,"2026-05,2026-06,2026-07",20.22116562196952
CN->US,610459,"WOMEN'S OR GIRLS' SKIRTS ETC KNIT ETC, TEXT NESOI",1246439,770464,61.8,3.3,"2026-05,2026-06,2026-07",20.096721692915644
CN->US,940171,"SEATS WITH METAL FRAMES, UPHOLSTERED,NESOI",63156069,47439062,33.1,2.55,"2026-05,2026-06,2026-07",19.880179883672785
CN->US,950825,WATER RIDES,388299,82472,370.8,3.55,"2026-05,2026-06,2026-07",19.86372160238696
CN->US,292119,"ACYCLIC MONOAMINES, THEIR DERIVATIVES, SALTS NESOI",6679346,3993394,67.3,2.9,"2026-05,2026-06,2026-07",19.79205805109815
CN->US,843510,"PRESS,CRUSH & SIM MAC,USE IN MANUF OF FRUIT JUICES",337129,132566,154.3,3.55,"2026-05,2026-06,2026-07",19.64653102974362
CN->US,481910,"CARTONS, BOXES & CASES CORRUGATED PAPER & PAPERBD",10100474,7422746,36.1,2.8,"2026-05,2026-06,2026-07",19.63014671105075
CN->US,611090,"SWEATERS, PULLOVERS ETC, KNIT ETC, TEXTILES NESOI",6365582,3619446,75.9,2.88,"2026-05,2026-06,2026-07",19.60911120929114
CN->US,621050,"WOMEN'S OR GIRLS' GARMENTS, NOT KNIT, COATED ETC",16706001,8669133,92.7,2.7,"2026-05,2026-06,2026-07",19.466021881648853
CN->US,940110,SEATS OF A KIND USED FOR AIRCRAFT,2249166,578973,288.5,3.06,"2026-05,2026-06,2026-07",19.409399715284657
CN->US,845970,"THREADING OR TAPPING MACHINES, FOR REMOVING METAL",139569,37909,268.2,3.74,"2026-05,2026-06,2026-07",19.266520502358915
CN->US,811299,"OTH WRGHT GALLIUM,INDIUM,NIOBIUM & ARTICLES THEREO",1007775,323800,211.2,3.21,"2026-05,2026-06,2026-07",19.255689288805865
CN->US,290949,ETHER-ALCOHOLS AND THEIR HALO ETC DERIV NESOI,1085855,526314,106.3,3.17,"2026-05,2026-06,2026-07",19.153291287453488
CN->US,292090,"ESTERS OF OTHER INORGANIC ACIDS, ETC NESOI",7753210,4099329,89.1,2.77,"2026-05,2026-06,2026-07",19.101112625837686
CN->US,830890,"CLASPS, BUCKLES ETC AND PARTS OF BASE METAL, NESOI",2522305,1666188,51.4,2.98,"2026-05,2026-06,2026-07",19.068478882445557
CN->US,900669,PHOTOGRAPHIC FLASHLIGHT APPARATUS NESOI,1391658,870226,59.9,3.1,"2026-05,2026-06,2026-07",19.06169893814656
CN->US,330720,PERSONAL DEODORANTS AND ANTIPERSPIRANTS,1909395,1003288,90.3,3.02,"2026-05,2026-06,2026-07",18.978785309309423
CN->US,540720,SYNTHETIC FILAMENT YARN FABRIC FROM THE STRIP,1177677,636137,85.1,3.12,"2026-05,2026-06,2026-07",18.9242206125825
CN->US,730719,"CAST PIPE FITTINGS, IRON NESOI OR STEEL",18901675,13363737,41.4,2.6,"2026-05,2026-06,2026-07",18.919290194508182
CN->US,961700,"VACUUM FLASKS, OTH VACUUM VESSELS, COMPLETE; PARTS",124307617,92921701,33.8,2.34,"2026-05,2026-06,2026-07",18.91916834933284
CN->US,842649,"DERRICKS ETC SELF-PROPELLED NOT ON TIRES, NESOI",3146787,840207,274.5,2.89,"2026-05,2026-06,2026-07",18.784570939645143
CN->US,854081,RECEIVER OR AMPLIFIER TUBES,187783,90101,108.4,3.55,"2026-05,2026-06,2026-07",18.735117802616415
CN->US,390769,"POLY(WTHYLENE TEREPHTHALATE, NESOI",105271,11073,850.7,3.73,"2026-05,2026-06,2026-07",18.727488249949126
CN->US,610432,"W/G SUIT-TYPE JACKETS AND BLAZERS OF COTTON, KNIT",602074,324146,85.7,3.24,"2026-05,2026-06,2026-07",18.722656150504605
CN->US,291713,"AZELAIC ACID, SEBACIC ACID, THEIR SALTS AND ESTERS",2120726,765036,177.2,2.93,"2026-05,2026-06,2026-07",18.559800924892322
CN->US,711319,"JEWELRY AND PARTS THEREOF, OF OTH PRECIOUS METAL",11782548,7193409,63.8,2.61,"2026-05,2026-06,2026-07",18.464542521802123
CN->US,282300,TITANIUM OXIDES,2200213,1224960,79.6,2.9,"2026-05,2026-06,2026-07",18.41582378168254
CN->US,381220,COMPOUND PLASTICIZERS FOR RUBBER OR PLASTICS,269043,77523,247.0,3.38,"2026-05,2026-06,2026-07",18.326789686099833
CN->US,900220,FILTERS & PARTS & ACCESSORIES FOR INSTR & APPRATUS,1439877,878903,63.8,2.97,"2026-05,2026-06,2026-07",18.312892725532993
CN->US,391400,"ION-EXCHANGERS BASD ON PLASTICS, IN PRIMARY FORMS",5801554,3478432,66.8,2.68,"2026-05,2026-06,2026-07",18.134725684223156
CN->US,300249,"VACCINES,TOXINS,CULTURES OF MICRO-ORGANISM ETC NES",2349191,1127715,108.3,2.85,"2026-05,2026-06,2026-07",18.131376302076486
CN->US,293349,"HETEROCYCLIC COMP W/ QUINOLINE ETC RING-SYSTEM,NES",4084951,1905078,114.4,2.72,"2026-05,2026-06,2026-07",17.998714794552807
CN->US,940382,"FURNITURE OF BAMBOO, NESOI",2317270,1514843,53.0,2.8,"2026-05,2026-06,2026-07",17.852191401548108
CN->US,961590,"HAIR PINS, CURLING PINS ETC NESOI, AND PARTS",5239643,3909391,34.0,2.65,"2026-05,2026-06,2026-07",17.823893812025577
CN->US,711620,"ARTICLES OF PREC OR SEMIPREC STONES (NAT, SYN ETC)",40973095,30957381,32.4,2.33,"2026-05,2026-06,2026-07",17.73739834536476
CN->US,340111,"SOAP & OTH ORGANIC SURF ACT PROD, TOILET USE, BARS",8771231,6016082,45.8,2.55,"2026-05,2026-06,2026-07",17.67555543053024
CN->US,848520,MACHINES FOR ADD MANUF BY PLASTICS/RUBBER DEPOSIT,28722369,14692418,95.5,2.37,"2026-05,2026-06,2026-07",17.67172510289538
CN->US,160414,"TUNAS, SKIPJACK TUNA AND BONITO, PREP OR PRESERVED",160694,41474,287.5,3.39,"2026-05,2026-06,2026-07",17.669638964534037
CN->US,030471,"COD FILLETS, FROZEN",31053317,19834425,56.6,2.34,"2026-05,2026-06,2026-07",17.49447793676689
CN->US,481830,"TABLECLOTHS & TABLE NAPKINS OF PAPER, PPR PULP ETC",2801889,2032327,37.9,2.71,"2026-05,2026-06,2026-07",17.442549634616018
CN->US,841939,"DRYERS, NESOI",1745385,659052,164.8,2.79,"2026-05,2026-06,2026-07",17.39614707314502
CN->US,580610,WOV PILE FAB (INC TERRY TOWEL & SIM) & CHENILE FAB,1269622,721776,75.9,2.85,"2026-05,2026-06,2026-07",17.379404021582825
CN->US,391690,"MONOFIL, CR-SECT OV 1MM, RODS ETC, PLASTICS NESOI",6149787,4474984,37.4,2.56,"2026-05,2026-06,2026-07",17.37826035423456
CN->US,830400,"OFFICE AND DESK EQUIP A PRTS, OF BASE METAL",10686757,7461794,43.2,2.45,"2026-05,2026-06,2026-07",17.22314235047912
CN->US,811292,"GA, HF, INDIUM, NIOBIUM, RHENIUM & ARTI,WAST/SCRP",3251558,845525,284.6,2.64,"2026-05,2026-06,2026-07",17.220683188440617
CN->US,441920,TABLEWARE AND KITCHENWARE OF TROPICAL WOOD,1937229,987886,96.1,2.73,"2026-05,2026-06,2026-07",17.163895863470295
CN->US,611190,"BABIES' GARMENTS ETC, KNIT ETC, TEXTILES NESOI",1838074,800871,129.5,2.73,"2026-05,2026-06,2026-07",17.111958853623225
CN->US,300259,"CELL CULTURES, WHETHER OR NOT MODIFIED, NESOI",865368,345133,150.7,2.88,"2026-05,2026-06,2026-07",17.10792281674213
CN->US,580710,"TEXTILE LABELS, BADGES ETC, NOT EMBROIDERED, WOVEN",849744,522186,62.7,2.86,"2026-05,2026-06,2026-07",16.98289425918869
CN->US,820720,DIES DRW O EXTR MTL A PTS THRF,988001,631441,56.5,2.83,"2026-05,2026-06,2026-07",16.95275084118305
CN->US,293624,D- OR DL-PANTOTHENIC ACID (VITAMIN B5) AND DERIVAT,2603741,1316988,97.7,2.63,"2026-05,2026-06,2026-07",16.86950096855362
CN->US,282619,"FLUORIDES, NESOI",1291821,622428,107.5,2.75,"2026-05,2026-06,2026-07",16.778092223922016
CN->US,840999,SPARK-IGNITION RECIPROCATING INT COM PISTN ENG PTS,54461991,43796307,24.4,2.15,"2026-05,2026-06,2026-07",16.64130258547624
CN->US,853400,PRINTED CIRCUITS,85571351,69824295,22.6,2.09,"2026-05,2026-06,2026-07",16.592993708059534
CN->US,860730,HOOKS & OTH COUPLING DEVICES BUFFERS & PTS THEREOF,1748418,1047505,66.9,2.66,"2026-05,2026-06,2026-07",16.58252974805644
CN->US,820770,"TOOLS FOR MILLING, AND PARTS, BASE METAL",1595234,867984,83.8,2.66,"2026-05,2026-06,2026-07",16.530334586858427
CN->US,081350,"MIXTURES OF DRIED FRUITS, NUTS, OR FRUITS AND NUTS",371719,169137,119.8,2.95,"2026-05,2026-06,2026-07",16.44513329276558
CN->US,847989,MACH & MECHANICAL APPL W INDIVIDUAL FUNCTION NESOI,62330217,45587201,36.7,2.1,"2026-05,2026-06,2026-07",16.40451221933538
CN->US,842219,"DISHWASHING MACHINES, EXCEPT HOUSEHOLD TYPE",123611,26878,359.9,3.22,"2026-05,2026-06,2026-07",16.37711010349924
CN->US,731439,OTH GRLL NTTNG A FNCNG WLDD AT INTRSCT IOS NT GLVN,552702,246769,124.0,2.84,"2026-05,2026-06,2026-07",16.328562534485723
CN->US,360500,"MATCHES, EXC PYROTECHNIC ARTICLES",684292,250562,173.1,2.8,"2026-05,2026-06,2026-07",16.315169967429625
CN->US,200990,MIXTURES OF FRUIT AND/OR VEGETABLE JUICES,162633,55442,193.3,3.12,"2026-05,2026-06,2026-07",16.281112705136156
CN->US,902990,"PTS FOR REVOLUTION COUNTERS, ODOMETER, ETC",769042,367857,109.1,2.76,"2026-05,2026-06,2026-07",16.22260667493315
CN->US,680223,GRANITE MON OR BLDG STONE SMPLY CUT OR SAWN,495148,307465,61.0,2.83,"2026-05,2026-06,2026-07",16.097528389701694
CN->US,851830,HEAD-EAR-PHONES & COMBINED MICROPHONE/SPEAKER SETS,134723146,82457748,63.4,1.98,"2026-05,2026-06,2026-07",16.075809006636003
CN->US,392640,"STATUETTES & OTHER ORNAMENTAL ARTICLES, OF PLASTIC",75996651,57033694,33.2,2.03,"2026-05,2026-06,2026-07",15.997197499125756
CN->US,640220,OTH FTWR W/UPPR STRAP ASSMB TO SOLE BY PLUG(ZORIS),7528519,3175046,137.1,2.32,"2026-05,2026-06,2026-07",15.970082916950624
CN->US,670210,"PLASTIC ARTIFICAL FLOWERS, FOLIAGE, & FRUIT & PTS",54281980,39245124,38.3,2.06,"2026-05,2026-06,2026-07",15.913503971176933
CN->US,900659,PHOTOGRAPHIC CAMERAS (STILL) NESOI,142328,35659,299.1,3.07,"2026-05,2026-06,2026-07",15.836942394167925
CN->US,081090,"FRUIT NESOI, FRESH",1364327,266105,412.7,2.58,"2026-05,2026-06,2026-07",15.82206200230852
CN->US,030483,"FLAT FISH FILLETS, FROZEN",6132641,3783223,62.1,2.32,"2026-05,2026-06,2026-07",15.744368935098512
CN->US,846225,NUMERIC CONTROL ROLL FORM MACH FOR FLAT METAL PROD,365269,56671,544.5,2.82,"2026-05,2026-06,2026-07",15.701293909065697
CN->US,811269,"CADMIUM AND ARTICLES THEREOF, NESOI",226667,30000,655.6,2.93,"2026-05,2026-06,2026-07",15.700569779959135
CN->US,300215,"IMMUNOLOGICAL PRODUCTS, IN MEASURED DOESE/RTL SALE",128427966,51812390,147.9,1.93,"2026-05,2026-06,2026-07",15.664495843250254
CN->US,920890,"FAIRGROUND ORGANS, MUSIC SAWS, CALL HORN ETC NESOI",314792,148494,112.0,2.85,"2026-05,2026-06,2026-07",15.642166631000702
CN->US,080620,"GRAPES, DRIED (INCLUDING RAISINS)",103371,12609,719.8,3.12,"2026-05,2026-06,2026-07",15.635286315887774
CN->US,381090,"FLUXES & OTH AUXILIARY PREP, SOLDERING, ETC, NESOI",270823,134346,101.6,2.87,"2026-05,2026-06,2026-07",15.61336309907881
CN->US,610469,"WOMEN'S OR GIRLS' TROUSERS ETC KNIT ETC, TEX NESOI",3826549,2451884,56.1,2.36,"2026-05,2026-06,2026-07",15.5498053600032
CN->US,854620,ELECTRICAL INSULATORS OF CERAMICS,7617568,4344197,75.4,2.25,"2026-05,2026-06,2026-07",15.487004326526773
CN->US,290930,"AROMATIC ETHERS AND THEIR HALO, SULFO ETC DERIV",2853607,1008558,182.9,2.4,"2026-05,2026-06,2026-07",15.486955175453735
CN->US,200310,MUSHROOMS PREP/PRES EX BY VINEGAR/ACETIC ACID,327776,143945,127.7,2.81,"2026-05,2026-06,2026-07",15.47445573656497
CN->US,292219,"AMINO-ALCOHOLS, ETHERS ETC., 1 OXYGEN FUNCT NESOI",5517458,3673780,50.2,2.29,"2026-05,2026-06,2026-07",15.468330213056383
CN->US,900630,"CAMERAS FOR UNDERWATER, AERIAL SURVEY, MEDICAL ETC",191409,48858,291.8,2.92,"2026-05,2026-06,2026-07",15.44930278567228
CN->US,790700,"ARTICLES OF ZINC, N.E.S.O.I.",13230443,10682120,23.9,2.16,"2026-05,2026-06,2026-07",15.401063193816695
CN->US,293420,"HETERCYC CM, BENZOTHIAZOLE RING-SYSTEM ETC",4212401,2460888,71.2,2.32,"2026-05,2026-06,2026-07",15.336093782368536
CN->US,853630,OTHER APPARATUS FOR PROTECTING ELC CRTS =< 1000 V,20623912,17240258,19.6,2.09,"2026-05,2026-06,2026-07",15.306910824441763
CN->US,392610,OFFICE OR SCHOOL SUPPLIES OF PLASTIC,34407933,23005545,49.6,2.02,"2026-05,2026-06,2026-07",15.241950888316303
CN->US,841899,REFRIGERATOR FREEZER AND HEAT PUMP PARTS NESOI,16822838,12745010,32.0,2.11,"2026-05,2026-06,2026-07",15.221120695071765
CN->US,291539,"ESTERS OF ACETIC ACID, NESOI",2449502,1348153,81.7,2.38,"2026-05,2026-06,2026-07",15.212570612532007
CN->US,842890,"LIFTING, HANDLING, LOADING & UNLOADING MACHY NESOI",20154899,12775615,57.8,2.08,"2026-05,2026-06,2026-07",15.16391196216192
CN->US,960820,FELT TIPPED  & OTHER POROUS-TIPPED PENS & MARKERS,16411242,11979233,37.0,2.09,"2026-05,2026-06,2026-07",15.095645685683781
CN->US,391190,"POLYSULFIDES, POLYSULFONES & OTHER NESOI, PRIM FRM",2007485,822175,144.2,2.39,"2026-05,2026-06,2026-07",15.054328447801225
CN->US,360360,ELECTRIC DETONATORS,538479,256785,109.7,2.62,"2026-05,2026-06,2026-07",15.037449485819929
CN->US,843131,"PARTS OF ELEVATORS, EXC CONT ACTION,SK HOIST,ESCAL",6540434,4943185,32.3,2.21,"2026-05,2026-06,2026-07",15.035993779897131
CN->US,810820,UNWROUGHT TITANIUM; POWDERS,669312,160021,318.3,2.58,"2026-05,2026-06,2026-07",15.03229673671255
CN->US,630539,SACK & BAG FOR PKG GOOD MANMADE TEXTILE MAT NESOI,1806361,1203736,50.1,2.4,"2026-05,2026-06,2026-07",15.006972984682598
CN->US,283650,CALCIUM CARBONATE,109788,32461,238.2,2.97,"2026-05,2026-06,2026-07",14.985856587809797
CN->US,030432,"CATFISH FILLETS, FRESH OR CHILLED",201299,19551,929.6,2.8,"2026-05,2026-06,2026-07",14.865715348793254
CN->US,871500,BABY CARRIAGES (INC STROLLERS) AND PARTS THEREOF,26461255,20368796,29.9,2.0,"2026-05,2026-06,2026-07",14.859754271940002
CN->US,854720,INSULATING FITTINGS FOR MACHINES MADE OF PLASTIC,4533678,3570668,27.0,2.23,"2026-05,2026-06,2026-07",14.812467871792034
CN->US,842121,WATER FILTERING OR PURIFYING MACHINERY & APPARATUS,23944868,15543128,54.1,1.99,"2026-05,2026-06,2026-07",14.697513467808326
CN->US,830220,"CASTORS, AND PARTS THEREOF, OF BASE METAL",4279029,3432189,24.7,2.21,"2026-05,2026-06,2026-07",14.668672170505571
CN->US,741011,"COPPER FOIL, NOT BACKED, OF REFINED COPPER",1119213,334409,234.7,2.42,"2026-05,2026-06,2026-07",14.608137578172958
CN->US,630533,SACK & BAG FOR PKG GOOD MMADE MAT POLYETHYLENE,1814101,1130631,60.5,2.33,"2026-05,2026-06,2026-07",14.600902321858158
CN->US,521019,"WOV COT FAB, UNBL WEA NESOI UN85%COT MMF NO200G/M2",290777,85058,241.9,2.67,"2026-05,2026-06,2026-07",14.578770463423522
CN->US,520852,"WOV COT FAB, PR PL WV NUN 85% COT OV100NOV200G/M2",619513,274460,125.7,2.51,"2026-05,2026-06,2026-07",14.563167340083963
CN->US,640610,FOOTWEAR UPPERS AND UPPER PARTS EXCEPT STIFFENERS,973268,432522,125.0,2.42,"2026-05,2026-06,2026-07",14.50843561607503
CN->US,480300,TOILET ETC HSHLD/SANTRY STOCK PAPER ROLL OR SHEETS,350262,135267,158.9,2.61,"2026-05,2026-06,2026-07",14.45974351738273
CN->US,292149,AROMATIC MONOAMINES NESOI AND THEIR DERIVATIV,3539821,934099,279.0,2.2,"2026-05,2026-06,2026-07",14.428584620010577
CN->US,200860,"CHERRIES, PREPARED OR PRESERVED, NESOI",122123,19641,521.8,2.83,"2026-05,2026-06,2026-07",14.398762948015287
CN->US,290960,"ALCOHOL PEROXIDE,ETHER PEROX,ACETAL&HEMIACETAL ETC",2629233,1313384,100.2,2.24,"2026-05,2026-06,2026-07",14.397800385324334
CN->US,381590,"REACTION INITIATORS & ACCELERATORS, ETC, NESOI",2496746,682637,265.7,2.25,"2026-05,2026-06,2026-07",14.38596087251584
CN->US,853620,AUTO CIRCUIT BREAKERS VOLTAGE NOT EXCEEDING 1000 V,7192871,4585314,56.9,2.1,"2026-05,2026-06,2026-07",14.368683177998705
CN->US,810299,"MOLYBDENUM AND ARTICLES THEREOF, NESOI",739490,392586,88.4,2.45,"2026-05,2026-06,2026-07",14.362986378029728
CN->US,610462,"W/G TROUSERS OVERALLS BREECHES SHORTS COTTON, KNIT",13065269,9080872,43.9,2.02,"2026-05,2026-06,2026-07",14.3580890918149
CN->US,390330,ACRYLONITRILE-BUTADIENE-STYRENE (ABS) COPOLYMERS,257497,82291,212.9,2.65,"2026-05,2026-06,2026-07",14.318774165321365
CN->US,841381,"PUMPS FOR LIQUIDS, NESOI",4921538,2857692,72.2,2.13,"2026-05,2026-06,2026-07",14.286326866150572
CN->US,392510,"RESERVOIRS, TANKS, ETC,OVER 300 LITERS, PLASTIC",190033,57439,230.8,2.7,"2026-05,2026-06,2026-07",14.260963949551762
CN->US,846711,PNEUMATIC ROTARY TYPE TOOLS FOR WORK IN THE HAND P,1756673,1116770,57.3,2.28,"2026-05,2026-06,2026-07",14.248134165307984
CN->US,392091,"PLATES ETC, NONCELL ETC, NO R, POLYVINYL BUTYRAL",183098,47176,288.1,2.69,"2026-05,2026-06,2026-07",14.18275419825364
CN->US,391723,"TUBES, PIPES & HOSES, RIGID, POLYMR VINYL CHLORIDE",1394382,723571,92.7,2.31,"2026-05,2026-06,2026-07",14.1782397211261
CN->US,701919,"GLASS FIBERS AND ARTICLES THEREOF, N.E.S.O.I.",908699,424790,113.9,2.36,"2026-05,2026-06,2026-07",14.087063330747212
CN->US,590210,"TIRE CORD FABRIC OF HIGH TENACITY YARN, NYLON ETC",607038,313933,93.4,2.43,"2026-05,2026-06,2026-07",14.07205407404094
CN->US,320412,"ACID DYES & PREPS, MORDANT DYES & PREPS",247221,103869,138.0,2.6,"2026-05,2026-06,2026-07",14.019971372985863
CN->US,760612,"ALUMINUM ALLOY RECT PLATES ETC, OVER .2 MM THICK",137627513,55974113,145.9,1.72,"2026-05,2026-06,2026-07",13.972311945388546
CN->US,901410,DIRECTION FINDING COMPASS,261790,107408,143.7,2.56,"2026-05,2026-06,2026-07",13.870005012113413
CN->US,902214,"APPTS BASE ON X-RAY, MEDICAL,SURGICAL,VETNRY,NESOI",2646653,1219306,117.1,2.16,"2026-05,2026-06,2026-07",13.85953220612505
CN->US,700719,"TOUGHNED SAFETY GLASS, NOT FOR VEHICULAR USE",35316247,20812208,69.7,1.83,"2026-05,2026-06,2026-07",13.813217647760927
CN->US,820780,TOOLS FOR TURNING OF BASE METAL,559984,371992,50.5,2.39,"2026-05,2026-06,2026-07",13.753194304989636
CN->US,731821,"SPRING WASHERS AND OTH LOCK WASHERS, IRON OR STEEL",1542826,1167599,32.1,2.21,"2026-05,2026-06,2026-07",13.697202962195034
CN->US,320611,"PIGMNTS/PREPS CONT =>80% TITANIUM DIOXIDE, DRY WT",5060085,3290989,53.8,2.04,"2026-05,2026-06,2026-07",13.692894322621338
CN->US,610452,"W/G SKIRTS AND DIVIDED SKIRTS OF COTTON, KNIT",1208802,757353,59.6,2.25,"2026-05,2026-06,2026-07",13.660025114815088
CN->US,731819,"THREADED ARTICLES OF IRON OR STEEL, NESOI",3321751,2475929,34.2,2.09,"2026-05,2026-06,2026-07",13.632506913813023
CN->US,850132,DC MOTORS & GENERATORS W OUTPUT > 750W; N OV 75 KW,5060918,3820585,32.5,2.03,"2026-05,2026-06,2026-07",13.627318779336672
CN->US,330129,"ESSENTIAL OILS, NESOI",4405556,2715967,62.2,2.05,"2026-05,2026-06,2026-07",13.595044923908453
CN->US,480431,"KRAFT PAPER NESOI, NOV 150 G/M2, UNCOAT, UNBLEACH",129643,48577,166.9,2.65,"2026-05,2026-06,2026-07",13.54909177182819
CN->US,330190,"CONCENTRATES ETC OF ESSENTIAL OILS, NESOI",742586,272650,172.4,2.31,"2026-05,2026-06,2026-07",13.53719736692269
CN->US,340130,"ORG. SUF0ACT PROD FOR WASHING SKIN, LIQ/CRM, RETAL",5847726,4033188,45.0,2.0,"2026-05,2026-06,2026-07",13.536120554127127
CN->US,500500,YARN SPUN FROM SILK WASTE NOT PUT UP RETAIL SALE,194180,49975,288.6,2.56,"2026-05,2026-06,2026-07",13.522288165489451
CN->US,903082,INST AND APPARAT MEAS/CHECK SEMICON WAFERS/DEVICES,1863907,941504,98.0,2.14,"2026-05,2026-06,2026-07",13.391025612392337
CN->US,401039,"TRANSMISSION BELT/BELTING, OF VULCANIZE RUB, NESOI",1981544,1348112,47.0,2.13,"2026-05,2026-06,2026-07",13.387645556792306
CN->US,962000,"MONOPODS, BIPODS, TRIPODS AND SIMILIAR ARTICLES",1854037,1319082,40.6,2.13,"2026-05,2026-06,2026-07",13.362227677511449
CN->US,610342,"M/B TROUSERS OVERALLS SHORTS ETC COTTON, KNIT",4716545,3349034,40.8,2.0,"2026-05,2026-06,2026-07",13.35201419744705
CN->US,701912,GLASS FIBER ROVINGS,4575902,2708800,68.9,2.0,"2026-05,2026-06,2026-07",13.346044184361487
CN->US,847170,"AUTOMATIC DATA PROCESSING STORAGE UNITS, N.E.S.O.I",30622209,16051517,90.8,1.78,"2026-05,2026-06,2026-07",13.322990998421815
CN->US,630690,"CAMPING GOODS OF TEXTILES, NESOI",4608533,2896430,59.1,1.99,"2026-05,2026-06,2026-07",13.289135686867619
CN->US,200799,"JAMS, FRUIT JELLIES, PASTES ETC NESOI, NUT PASTES",379002,138387,173.9,2.38,"2026-05,2026-06,2026-07",13.280617394001888
CN->US,848050,MOLDS FOR GLASS,1689333,1083421,55.9,2.13,"2026-05,2026-06,2026-07",13.27407321863478
CN->US,843319,MOWERS FOR LAWNS EXC PWRD W HORZNTL ROTATING CUTTR,2233078,1430768,56.1,2.08,"2026-05,2026-06,2026-07",13.208377870077669
CN->US,400299,SYNTHETIC RUB & FACTICE DERIVED FROM OILS NESOI,375595,195242,92.4,2.36,"2026-05,2026-06,2026-07",13.17075346160423
CN->US,150420,"FISH FATS & OILS (NOT LIVER), FRACT, NOT MODIFIED",166033,39753,317.7,2.49,"2026-05,2026-06,2026-07",13.016157054835537
CN->US,842330,CONST-WGHT SCALES & DISCHRGING PREDET WGHTS IN BAG,664763,298855,122.4,2.23,"2026-05,2026-06,2026-07",13.00237662800977
CN->US,390690,"ACRYLIC POLYMERS NESOI, IN PRIMARY FORMS",6355203,3986380,59.4,1.89,"2026-05,2026-06,2026-07",12.847273914134881
CN->US,481320,CIGARETTE PAPER IN ROLLS OF A WIDTH NOT OVER 5 CM,123940,36018,244.1,2.52,"2026-05,2026-06,2026-07",12.841545713374993
CN->US,151610,ANIMAL FATS AND OILS HYDROGENATED ETC NOT PREPARED,1843136,987750,86.6,2.05,"2026-05,2026-06,2026-07",12.832812760514706
CN->US,853510,"FUSES FOR ELECTRICAL APPARATUS, VOLTAGE > 1000 V",1331800,815554,63.3,2.07,"2026-05,2026-06,2026-07",12.693048222336555
CN->US,282590,"INORGANIC BASE; METAL OXIDES, & PEROXIDES, NESOI",1871673,961217,94.7,2.02,"2026-05,2026-06,2026-07",12.690378404472277
CN->US,910291,"OTH WATCH, BASE METAL, BATTERY, EXCEPT WRST WATCH",278023,119047,133.5,2.33,"2026-05,2026-06,2026-07",12.680199955759557
CN->US,960840,PROPELLING OR SLIDING PENCILS,2442125,1244728,96.2,1.98,"2026-05,2026-06,2026-07",12.673733359409631
CN->US,730640,"PIPE ETC NESOI, WELD CIR CR SECT, STAINLESS STEEL",1939371,1278096,51.7,2.01,"2026-05,2026-06,2026-07",12.659104313088084
CN->US,901520,THEODOLITES AND TACHYOMETERS,184727,98244,88.0,2.4,"2026-05,2026-06,2026-07",12.656546587815043
CN->US,842710,SELF-PROPELLED LIFTING ETC TRUCKS WITH ELECT MOTOR,59873014,33181605,80.4,1.63,"2026-05,2026-06,2026-07",12.64345137810543
CN->US,282720,CALCIUM CHLORIDE,1902809,1260896,50.9,2.0,"2026-05,2026-06,2026-07",12.55753272767966
CN->US,390799,"POLYESTERS NESOI, UNSATURATED, PR FMS",1606012,955458,68.1,2.02,"2026-05,2026-06,2026-07",12.529410896042272
CN->US,846263,SERVO-PRESSES FOR WORKING COLD METAL,444962,64161,593.5,2.22,"2026-05,2026-06,2026-07",12.527541816954606
CN->US,251690,"BASALT, PORPHYRY AND OTHER MNMNTL OR BLDG STONE",187541,65674,185.6,2.37,"2026-05,2026-06,2026-07",12.498855461238472
CN->US,610449,"WOMEN'S OR GIRLS' DRESSES OF TEXT MTRL NESOI, KNIT",1764172,1114318,58.3,1.98,"2026-05,2026-06,2026-07",12.347631049400036
CN->US,390591,"COPOLYMERS OF VINYL ESTERS,IN PRIMARY FORMS, NESOI",849606,416629,103.9,2.08,"2026-05,2026-06,2026-07",12.342890939648056
CN->US,871496,"PEDALS AND CRANK-GEAR, PARTS OF BICYCLES ETC.",364531,180436,102.0,2.18,"2026-05,2026-06,2026-07",12.152079357903633
CN->US,730810,BRIDGES AND BRIDGE SECTIONS OF IRON OR STEEL,991680,282650,250.9,2.01,"2026-05,2026-06,2026-07",12.073681593042625
CN->US,280429,"RARE GASES, OTHER THAN ARGON",934652,431152,116.8,2.02,"2026-05,2026-06,2026-07",12.065261636055311
CN->US,902000,BREATHING APPLIANCES & GAS MASKS NESOI; PARTS ETC,677055,425248,59.2,2.05,"2026-05,2026-06,2026-07",11.956827381843626
CN->US,160419,"FISH, PREPARED OR PRESERVED, WHOLE OR PIECES NESOI",686210,339647,102.0,2.03,"2026-05,2026-06,2026-07",11.855792644295848
CN->US,730840,EQUIP FOR SCAFLDG/SHUTTRG PROPPG/PIT-PROPPG IR/STL,8380703,5501295,52.3,1.71,"2026-05,2026-06,2026-07",11.815605607998231
CN->US,091099,"SPICES, NESOI",321208,140853,128.0,2.14,"2026-05,2026-06,2026-07",11.77795407401055
CN->US,382290,CERTIFIED REFERENCE MATERIALS,366783,165134,122.1,2.09,"2026-05,2026-06,2026-07",11.645249214311546
CN->US,640510,"FOOTWEAR NESOI, UPPERS OF LEATHER OR COMP LEATHER",655225,338157,93.8,2.0,"2026-05,2026-06,2026-07",11.636460997004397
CN->US,960200,"VEG MOLDED RESIN ETC CARVING MATERIAL, NESOI",4819148,2984797,61.5,1.74,"2026-05,2026-06,2026-07",11.610941707972232
CN->US,854610,ELECTRICAL INSULATORS OF GLASS,2880453,1879021,53.3,1.8,"2026-05,2026-06,2026-07",11.606301940502869
CN->US,901120,"MICROSCOPES, FOR PHOTOMICRO, CINEPHOTO & MICROPROJ",180099,72345,148.9,2.21,"2026-05,2026-06,2026-07",11.603384557151147
CN->US,030759,"OCTOPUS, FROZEN, DRIED, SALTED OR IN BRINE",116728,26785,335.8,2.29,"2026-05,2026-06,2026-07",11.599746278682389
CN->US,401035,"ENDLESS SYNCHRON BLT, CIRCUMFERENCE >60CM <150CM",289862,171029,69.5,2.12,"2026-05,2026-06,2026-07",11.564606881850057
CN->US,401692,"ERASERS, OF VULCANIZED RUBBER",432712,271250,59.5,2.05,"2026-05,2026-06,2026-07",11.555452043253185
CN->US,871494,"BRAKES, INCL  COASTER BRKNG HUBS,HUB BRKS,PRTS,NES",628595,381359,64.8,1.99,"2026-05,2026-06,2026-07",11.531893153345775
CN->US,271019,PETROL OIL BITUM MINERAL (NT CRUD) ETC NT BIODIESL,292741,151561,93.2,2.11,"2026-05,2026-06,2026-07",11.51540859339519
CN->US,720299,"FERROALLOYS, NESOI",2751689,1617655,70.1,1.78,"2026-05,2026-06,2026-07",11.452461571160171
CN->US,848710,SHIPS' OR BOATS' PROPELLERS & BLADES THEREOF,170103,74252,129.1,2.19,"2026-05,2026-06,2026-07",11.446738100057262
CN->US,950810,TRAVELING CIRCUSES AND TRAVELING MENAGERIES,226349,31060,628.7,2.13,"2026-05,2026-06,2026-07",11.42084990630417
CN->US,200979,"APPLE JUICE, NESOI,NT FORTIFIED W VITAMINS, UNFERM",13488404,6695737,101.4,1.6,"2026-05,2026-06,2026-07",11.400561368082066
CN->US,870380,"MOTOR VEHICLES WITH ONLY ELECTRIC MOTOR, NESOI",22151781,6658897,232.7,1.55,"2026-05,2026-06,2026-07",11.386930596319592
CN->US,230990,"ANIMAL FEED PREP EXCEPT DOG OR CAT FOOD, RETAIL PK",2650107,1566028,69.2,1.77,"2026-05,2026-06,2026-07",11.363677936783038
CN->US,842641,"DERRICKS ETC SELF-PROPELLED ON TIRES, NESOI",2082662,799900,160.4,1.8,"2026-05,2026-06,2026-07",11.36363807257348
CN->US,281290,"HALIDES & HALIDE OXIDES OF NONMETALS, NESOI",1079478,607120,77.8,1.88,"2026-05,2026-06,2026-07",11.318438668578187
CN->US,330300,PERFUMES AND TOILET WATERS,6210509,3672295,69.1,1.67,"2026-05,2026-06,2026-07",11.317470359563538
CN->US,130190,"NATURAL GUMS, GUM RESINS, RESINS AND BALSAMS NESOI",830108,265531,212.6,1.91,"2026-05,2026-06,2026-07",11.309884959246844
CN->US,071420,"SWEET POTATOES, FRESH OR DRIED, WHETHER/NT PELLETS",2761049,1768585,56.1,1.76,"2026-05,2026-06,2026-07",11.307894190415238
CN->US,600330,"KT/CD FAB,WD<30CM,SYNTH. FBR, NT HDS 6001 OR 6002",709072,468191,51.4,1.93,"2026-05,2026-06,2026-07",11.274939639824108
CN->US,842122,BEVERAGE FILTERING OR PURIFYING MACH & APPARATUS,365260,125325,191.5,2.02,"2026-05,2026-06,2026-07",11.247669232737163
CN->US,284390,"ORGANIC COMPOUND PRECIOUS METAL; AMALGRAMS, NESOI",321991,120297,167.7,2.04,"2026-05,2026-06,2026-07",11.240202002407354
CN->US,847621,AUTO BEVERAGE VENDING MACH INC HEAT OR REFRIG DEV,335568,131783,154.6,2.03,"2026-05,2026-06,2026-07",11.23432997903022
CN->US,930599,"PARTS & ACCES. OF ARTIC. OF HED 9303-9304, NESOI",3014627,1682584,79.2,1.73,"2026-05,2026-06,2026-07",11.202486655230985
CN->US,700319,"CAST OR ROLLED GLASS IN NONWIRED SHEETS, NESOI",812794,462137,75.9,1.89,"2026-05,2026-06,2026-07",11.19480832727785
CN->US,610690,"W/G BLOUSES AND SHIRTS TEXTILE MATERIAL NESOI,KNIT",917592,579944,58.2,1.86,"2026-05,2026-06,2026-07",11.102819772064658
CN->US,030234,"BIG EYE TUNAS EXCL FILLETS, LIVERS&ROES; FRSH/CHIL",407240,202050,101.6,1.97,"2026-05,2026-06,2026-07",11.058139034736032
CN->US,620791,"MEN'S OR BOYS' SINGLETS ETC, NOT KNIT, OF COTTON",626909,299826,109.1,1.91,"2026-05,2026-06,2026-07",11.045845988505663
CN->US,890322,SAILBOATS OF A LENGTH 7.5 M - 24 M,301392,39511,662.8,2.0,"2026-05,2026-06,2026-07",10.949769914081319
CN->US,291440,KETONE-ALCOHOLS AND KETONE-ALDEHYDES,1190899,744905,59.9,1.8,"2026-05,2026-06,2026-07",10.946344703253612
CN->US,200880,"STRAWBERRIES, PREPARED OR PRESERVED NESOI",324338,119596,171.2,1.99,"2026-05,2026-06,2026-07",10.944814524984642
CN->US,390450,"VINYLIDENE CHLORIDE POLYMERS, PR FMS",372443,118189,215.1,1.96,"2026-05,2026-06,2026-07",10.940795015771219
CN->US,845012,"WASH MAC WITH BLT-IN CENT DRY,CAP NOT EXC 10 KG",486206,310097,56.8,1.91,"2026-05,2026-06,2026-07",10.878588334996723
CN->US,843320,"MOWERS, NESOI, INC CUTTER BAR FOR TRACTOR MOUNTING",642064,412525,55.6,1.87,"2026-05,2026-06,2026-07",10.87608623605913
CN->US,320649,COLORING MATTER AND PREPARATIONS NESOI,1996379,1211365,64.8,1.71,"2026-05,2026-06,2026-07",10.771423654835955
CN->US,080521,"MANDARINS (INCL TANGERINES AND SATSUMAS), FRESH/DR",139892,44984,211.0,2.08,"2026-05,2026-06,2026-07",10.714902872415255
CN->US,381231,MIXS OF OLIGOMERS OF TMQ,644015,374201,72.1,1.84,"2026-05,2026-06,2026-07",10.707249947681246
CN->US,853939,DISCHARGE LAMPS EX ULTRVILT FLURSCNT HT CTHDE LAMP,872367,494306,76.5,1.8,"2026-05,2026-06,2026-07",10.688105170574332
CN->US,392049,"POLYMERS OF VINYL CHLORIDE, NESOI",2338500,1538456,52.0,1.67,"2026-05,2026-06,2026-07",10.617305267387904
CN->US,700600,"GLS OF 7003-5 BNT,EDG WKD, ENGR,DRL,ENML OTHR ETC",1688653,818891,106.2,1.69,"2026-05,2026-06,2026-07",10.520727781266219
CN->US,401180,NEW PNEUMATC RUB TIRES USED ON CONSTRUC/MINING/IND,3707641,2435539,52.2,1.6,"2026-05,2026-06,2026-07",10.512028070188492
CN->US,350300,"GELATIN & DERIV; ISINGLASS; GLUES, ANIMAL OR NESOI",2029825,1230168,65.0,1.67,"2026-05,2026-06,2026-07",10.50534754015202
CN->US,854590,"ELECTRICAL CARBON OR GRAPHITE ARTICLES, NESOI",1897987,866747,119.0,1.67,"2026-05,2026-06,2026-07",10.473658682256346
CN->US,292130,"CYCLANIC, CYCLENIC ETC MONO- OR POLYAMINES ETC",678034,386784,75.3,1.79,"2026-05,2026-06,2026-07",10.428290807091239
CN->US,030472,"HADDOCK FILLETS, FROZEN",9412891,4768990,97.4,1.49,"2026-05,2026-06,2026-07",10.391917982056336
CN->US,281910,CHROMIUM TRIOXIDE,152539,49166,210.3,2.0,"2026-05,2026-06,2026-07",10.354551081393412
CN->US,840290,SUPER-HEATED WATER BOILERS & STEAM GENRTN BOIL PTS,3626349,1329983,172.7,1.57,"2026-05,2026-06,2026-07",10.320334206386034
CN->US,400811,"PLATE, SHEET & STRIP VULCANIZED RUB, CELLULAR RUB",666638,424062,57.2,1.76,"2026-05,2026-06,2026-07",10.266541976807574
CN->US,580421,"LACE IN PCE, STRIP, MOTIF MECHANICAL MADE MMF",137493,89446,53.7,1.99,"2026-05,2026-06,2026-07",10.206071404047432
CN->US,392119,"PLATES, SHEETS ETC. NESOI, CELLULAR PLASTIC NESOI",6558994,3554620,84.5,1.49,"2026-05,2026-06,2026-07",10.181553874669877
CN->US,071021,"PEAS, RAW COOKED IN BOILING WATER, FROZEN",292707,156928,86.5,1.86,"2026-05,2026-06,2026-07",10.165040926229388
CN->US,722840,OTH BRS RDS OTH ALLOY STL NT FRTHR WRKD THN FORGED,931172,443965,109.7,1.7,"2026-05,2026-06,2026-07",10.154014143127483
CN->US,871491,"FRAMES AND FORKS, AND PRTS FOR BICYCLES ETC.",1841307,1226926,50.1,1.62,"2026-05,2026-06,2026-07",10.150532357061369
CN->US,281119,"INORGANIC ACIDS, NESOI",1991365,1153947,72.6,1.61,"2026-05,2026-06,2026-07",10.114379605372436
CN->US,851989,"SOUND RECORDING OR REPRODUCING APPARATUS, NESOI",2985448,1978659,50.9,1.56,"2026-05,2026-06,2026-07",10.107152493696823
CN->US,401019,"CONVEYOR BELTS/BELTING OF VULCANIZE RUBBER, NESOI",687495,372533,84.5,1.72,"2026-05,2026-06,2026-07",10.061711621726067
CN->US,030384,"SEABASS, FROZEN",190295,94637,101.1,1.9,"2026-05,2026-06,2026-07",10.046410466194311
CN->US,610831,"W/G NIGHTDRESSES & PAJAMAS OF COTTON, KNIT",3060117,1977407,54.8,1.55,"2026-05,2026-06,2026-07",10.02351319341852
CN->US,290621,BENZYL ALCOHOL,369209,147488,150.3,1.79,"2026-05,2026-06,2026-07",9.966396671508441
CN->US,730723,STAINLESS STEEL TUBE OR PIPE BUTT WELDING FITTINGS,2561356,1653218,54.9,1.55,"2026-05,2026-06,2026-07",9.958917995738068
CN->US,730110,SHEET PILING OF IRON OR STEEL,3045305,864991,252.1,1.53,"2026-05,2026-06,2026-07",9.927618958152053
CN->US,170290,"SUGAR, NESOI, INCLUDING INVERT SUGAR & SYRUP",353853,190747,85.5,1.79,"2026-05,2026-06,2026-07",9.925627146957702
CN->US,630419,"BEDSPREADS, NOT KNITTED OR CROCHETED TEXTILE",3637492,2396192,51.8,1.5,"2026-05,2026-06,2026-07",9.822031192222687
CN->US,621230,"CORSETS, KNITTED OR CROCHETED OR NOT",915899,476060,92.4,1.64,"2026-05,2026-06,2026-07",9.805263785444552
CN->US,570390,"CARPETS, OTH TEXTILE FLOOR COVERINGS, TUFTED NESOI",444073,276176,60.8,1.73,"2026-05,2026-06,2026-07",9.795312716091287
CN->US,551211,WV FB SYN S F >=85% SYN ST FB >=85% PLY SF UBL/BLC,177827,96029,85.2,1.86,"2026-05,2026-06,2026-07",9.771916489702559
CN->US,210210,"YEASTS, ACTIVE",252816,89158,183.6,1.81,"2026-05,2026-06,2026-07",9.76077052892953
CN->US,160553,"MUSSELS, PREPARED OR PRESERVED",124571,35396,251.9,1.92,"2026-05,2026-06,2026-07",9.75835517736551
CN->US,660320,"UMBRELLA FRAMES, MOUNTED, SHAFT/STICK",1542842,867708,77.8,1.57,"2026-05,2026-06,2026-07",9.730456880484018
CN->US,621520,"TIES BOW TIES AND CRAVATS MANMADE FIBERS, NT KNIT",1716102,1123394,52.8,1.56,"2026-05,2026-06,2026-07",9.717084118954654
CN->US,950830,FAIRGROUND AMUSEMENTS,809000,428456,88.8,1.64,"2026-05,2026-06,2026-07",9.713335693064192
CN->US,701913,"GLASS YARN, SLIVERS",211659,89874,135.5,1.82,"2026-05,2026-06,2026-07",9.706481092996013
CN->US,560290,"FELT, WHETHER OR NOT IMPREGNATED, COATED ETC NESOI",103114,60154,71.4,1.94,"2026-05,2026-06,2026-07",9.705304623957765
CN->US,741012,"COPPER ALLOY FOIL, NOT BACKED, NOT OVER 0.15MM THK",285374,121080,135.7,1.77,"2026-05,2026-06,2026-07",9.664305720591868
CN->US,290539,"DIOLS, NESOI",544949,357318,52.5,1.68,"2026-05,2026-06,2026-07",9.65668912019936
CN->US,581010,EMBROIDERY WITHOUT VISIBLE GROUND,189957,124268,52.9,1.83,"2026-05,2026-06,2026-07",9.644991673994094
CN->US,440799,"NONCONIFEROUS WOOD NESOI, SAWN, SLICED ETC, OV 6MM",546732,353105,54.8,1.68,"2026-05,2026-06,2026-07",9.637109064560896
CN->US,630411,"BEDSPREADS, KNITTED OR CROCHETED TEXTILES",3151137,2005754,57.1,1.48,"2026-05,2026-06,2026-07",9.631383007302473
CN->US,391721,"TUBES, PIPES & HOSES, RIGID OF POLYMRS OF ETHYLENE",1471336,926122,58.9,1.56,"2026-05,2026-06,2026-07",9.617469453904372
CN->US,760410,"ALUMINUM BARS, RODS AND PROFILES, NOT ALLOYED",338867,185460,82.7,1.73,"2026-05,2026-06,2026-07",9.560089444420088
CN->US,071234,DRIED SHIITAKE (LENTINUS EDODES),510379,314141,62.5,1.67,"2026-05,2026-06,2026-07",9.535428959174018
CN->US,680610,"SLAG WOOL, ROCK WOOL ETC, IN BULK, SHEETS OR ROLLS",1090774,671330,62.5,1.58,"2026-05,2026-06,2026-07",9.518354213751321
CN->US,741021,"COPPER FOIL, NOV.15MM THICK, BACKED, REFIN COPPER",510691,217197,135.1,1.66,"2026-05,2026-06,2026-07",9.503349465904874
CN->US,610310,"MEN'S OR BOYS' SUITS, KNITTED OR CROCHETED",257921,130688,97.4,1.75,"2026-05,2026-06,2026-07",9.458480304126903
CN->US,848060,MOLDS FOR MINERAL MATERIALS,2381720,1477761,61.2,1.48,"2026-05,2026-06,2026-07",9.455924279768404
CN->US,900691,PARTS AND ACCESSORIES FOR STILL PHOTO CAMERAS,1411659,916309,54.1,1.54,"2026-05,2026-06,2026-07",9.446865914887425
CN->US,390890,"POLYAMIDES NESOI, IN PRIMARY FORMS",1140102,738949,54.3,1.56,"2026-05,2026-06,2026-07",9.42165101929173
CN->US,610413,"WOMEN'S OR GIRLS' SUITS OF SYNTHETIC FIBERS, KNITT",353703,235159,50.4,1.69,"2026-05,2026-06,2026-07",9.384609944290338
CN->US,760120,UNWROUGHT ALUMINUM ALLOYS,262097,77990,236.1,1.72,"2026-05,2026-06,2026-07",9.32298363846857
CN->US,901510,RANGEFINDERS,4040985,2471384,63.5,1.41,"2026-05,2026-06,2026-07",9.318205645300536
CN->US,901580,"SURVEYING INSTRUMENTS AND APPLIANCES, NESOI ETC.",9680347,4524808,113.9,1.33,"2026-05,2026-06,2026-07",9.300013399031883
CN->US,160413,"SARDINES/SARDINELLA/BRISLING PREP/PRES, NOT MINCED",447428,246557,81.5,1.64,"2026-05,2026-06,2026-07",9.276656409153325
CN->US,843049,"BORING OR SINKING MACH NESOI, NOT SELF-PROPELLED",1038025,478942,116.7,1.53,"2026-05,2026-06,2026-07",9.223170247128822
CN->US,902480,"MACHINE&APPLIANCE,TEST HARDNESS,STRENGTH,ETC,NESOI",859512,489617,75.5,1.55,"2026-05,2026-06,2026-07",9.189464207685816
CN->US,330290,"MIXTURES OF ODORIFEROUS SUBSTANCES, ETC. NESOI",458977,231128,98.6,1.62,"2026-05,2026-06,2026-07",9.187358801745987
CN->US,491000,"CALENDARS, CALENDAR BLOCKS OF ANY KIND, PRINTED",7181063,3750923,91.4,1.33,"2026-05,2026-06,2026-07",9.141548568970295
CN->US,271220,PARAFFIN WAX LESS THAN 0.75% OIL BY WEIGHT,5085641,3256223,56.2,1.35,"2026-05,2026-06,2026-07",9.053249522909038
CN->US,292511,SACCHARIN AND ITS SALTS,402281,232062,73.4,1.62,"2026-05,2026-06,2026-07",9.051917399114153
CN->US,600541,WARP KNIT FAB OF UNBLEACHED/BLEACHED ARTIFIC. FBRS,202397,119478,69.4,1.71,"2026-05,2026-06,2026-07",9.04982069892292
CN->US,310520,"FERTILERS CONTAIN NITROGEN, PHOSPHORUS & POTASSIUM",130901,49242,165.8,1.77,"2026-05,2026-06,2026-07",9.047857896420016
CN->US,285000,HYDRIDS/NITRIDS/AZIDS/SILICIDS ETC W/NT CHEM DEFND,1259196,754995,66.8,1.48,"2026-05,2026-06,2026-07",9.017503985042731
CN->US,220890,"CORDIALS, LIQUEURS, KIRSCHWASSER, RATAFIA, ETC.",1863952,926941,101.1,1.43,"2026-05,2026-06,2026-07",8.959466434845822
CN->US,293040,METHIONINE,823173,296476,177.7,1.49,"2026-05,2026-06,2026-07",8.841685502959958
CN->US,291815,SALTS AND ESTERS OF CITRIC ACID,985189,612053,61.0,1.47,"2026-05,2026-06,2026-07",8.790755404455226
CN->US,380690,DERIV OF ROS & RES ACID NESOI; SPIRIT ETC; RUN GUM,562292,299170,88.0,1.52,"2026-05,2026-06,2026-07",8.742614131247285
CN->US,253090,MINERAL SUBSTANCES NESOI,165044,68992,139.2,1.67,"2026-05,2026-06,2026-07",8.71794869127058
CN->US,180631,"CHOCOLATE & OTHR COCOA PREPS, NOT BULK, FILLED",589875,305383,93.2,1.51,"2026-05,2026-06,2026-07",8.713553098547317
CN->US,901480,"NAVIGATIONAL INSTRUMENTS AND APPLIANCES, NESOI",968285,512320,89.0,1.45,"2026-05,2026-06,2026-07",8.696338714220525
CN->US,730300,"TUBES, PIPES AND HOLLOW PROFILES OF CAST IRON",243870,155237,57.1,1.61,"2026-05,2026-06,2026-07",8.649935949315344
CN->US,600538,"WARP KT FAB,SYNT, YARNS OF DIFFERENT COLORS",351651,219468,60.2,1.56,"2026-05,2026-06,2026-07",8.630423503194761
CN->US,852419,FLAT PANEL DISP MOD W/O DRIVERS/CTRL CIRCUITS NES,364129,199803,82.2,1.54,"2026-05,2026-06,2026-07",8.579103425289686
CN->US,441090,"PARTICLE, SIMILAR BOARD OF LIGNEOUS MAT'L NESOI",104782,41974,149.6,1.71,"2026-05,2026-06,2026-07",8.567211286826527
CN->US,460192,"PLAITING MAT, PLAITS & SIM PROD, OF BAMBOO, NESOI",186679,114052,63.7,1.62,"2026-05,2026-06,2026-07",8.520495247935454
CN->US,848049,"MOLDS, NESOI, FOR METAL OR METAL CARBIDES",1093138,652544,67.5,1.41,"2026-05,2026-06,2026-07",8.51497254797112
CN->US,847960,EVAPORATIVE AIR COOLERS,890077,468576,90.0,1.42,"2026-05,2026-06,2026-07",8.474715817198671
CN->US,760529,AL WIR NT ALY OF WHI TH MAX C-S DIM IS 7MM OR LSS,116568,67097,73.7,1.67,"2026-05,2026-06,2026-07",8.456795592180644
CN->US,851761,BASE STATIONS,666411,385131,73.0,1.45,"2026-05,2026-06,2026-07",8.445188991696037
CN->US,281810,"ARTIFICIAL CORUNDUM, WHETH/NOT CHEMICALLY DEFINED",8773862,5375700,63.2,1.22,"2026-05,2026-06,2026-07",8.44136347668728
CN->US,030722,"SCALLOPS, FROZEN",2055192,1020904,101.3,1.33,"2026-05,2026-06,2026-07",8.419087992726428
CN->US,850171,PHOTOVOLTAIC DC GENERATORS OUTPUT NOT EXCEED 50 W,127666,66120,93.1,1.63,"2026-05,2026-06,2026-07",8.331665229550975
CN->US,831120,"CORED WIRE OF BASE METAL, FOR ELECTRIC ARC-WELDING",408548,250600,63.0,1.48,"2026-05,2026-06,2026-07",8.317882071371281
CN->US,701911,CHOPPED STRANDS GLASS FIBERS NOT OVER 50MM LONG,2629287,1642075,60.1,1.29,"2026-05,2026-06,2026-07",8.290017534846571
CN->US,293030,"THIURAM MONO-, DI- OR TETRASULFIDES",325956,202187,61.2,1.5,"2026-05,2026-06,2026-07",8.279540076648635
CN->US,250200,UNROASTED IRON PYRITES,359370,84542,325.1,1.49,"2026-05,2026-06,2026-07",8.277363846646734
CN->US,711890,"COIN, NESOI",2757083,1751757,57.4,1.28,"2026-05,2026-06,2026-07",8.275924381534674
CN->US,293979,"ALKALOIDS, OF VEGETAL ORIGIN, NESOI",7750938,4897030,58.3,1.2,"2026-05,2026-06,2026-07",8.275815045366098
CN->US,681513,"ARTICLES OF CARBON FIBERS FOR NON-ELEC USES, NESOI",1691931,944492,79.1,1.31,"2026-05,2026-06,2026-07",8.165587872222476
CN->US,283911,SODIUM METASILICATES,194662,109086,78.4,1.54,"2026-05,2026-06,2026-07",8.16113687674941
CN->US,844900,MACH F MANUF OR FINISH NONWOVENS;HAT BLOCKS; PARTS,401418,165682,142.3,1.46,"2026-05,2026-06,2026-07",8.15493889127074
CN->US,280450,BORON; TELLURIUM,141861,43091,229.2,1.58,"2026-05,2026-06,2026-07",8.145237549842472
CN->US,293410,"HETERCYC CMP, UNFUSED THIAZOLE RING IN THE STRUCT",11275081,7182808,57.0,1.15,"2026-05,2026-06,2026-07",8.105239374923833
CN->US,970690,ANTIQUES OF AN AGE 100 YEARS TO 250 YEARS,360167,175831,104.8,1.46,"2026-05,2026-06,2026-07",8.09546397757082
CN->US,721220,"FLAT-RLD IRN,NONAL ST, < 600MM WIDE ELEC PLTD ZINC",108279,54060,100.3,1.6,"2026-05,2026-06,2026-07",8.080383098693238
CN->US,842839,"CONT-ACT ELEV & CONVEY,FR GOODS OR MATERLS, NESOI",10933213,6928124,57.8,1.15,"2026-05,2026-06,2026-07",8.07503061131721
CN->US,811221,UNWROUGHT CHROMIUM; POWDERS,2160648,1138489,89.8,1.27,"2026-05,2026-06,2026-07",8.059074823284428
CN->US,020810,"RABBIT OR HARE MEAT & OFFAL FRESH, CHILLED, FROZEN",324633,166578,94.9,1.45,"2026-05,2026-06,2026-07",8.011514638343812
CN->US,080292,"PINE NUTS, SHELLED, FRESH OR DRIED",3698914,1607977,130.0,1.22,"2026-05,2026-06,2026-07",7.9907464523255
CN->US,290715,NAPHTHOLS AND THEIR SALTS,480708,266023,80.7,1.4,"2026-05,2026-06,2026-07",7.954586110534057
CN->US,811300,"CERMETS AND ARTICLES THEREOF, INC WASTE AND SCRAP",659311,410830,60.5,1.37,"2026-05,2026-06,2026-07",7.945188935467218
CN->US,390910,"UREA RESINS, PR FMS; THIOUREA RESINS, PR FMS",104942,36298,189.1,1.58,"2026-05,2026-06,2026-07",7.922267391535481
CN->US,842612,MOBILE LIFTING FRAMES ON TIRES & STRADDLE CARRIERS,4414677,1046549,321.8,1.19,"2026-05,2026-06,2026-07",7.8895129557086685
CN->US,190531,COOKIES (SWEET BISCUITS),873300,576554,51.5,1.32,"2026-05,2026-06,2026-07",7.868842821191032
CN->US,970310,"ORIG SCULPTURE, STATUARY OVER 100 YRS ANY MATERIAL",296724,101486,192.4,1.44,"2026-05,2026-06,2026-07",7.858043737292926
CN->US,847529,"MACHINES FOR MANUF OR HOT WORKING GLASS, NESOI",910272,517057,76.0,1.32,"2026-05,2026-06,2026-07",7.853856277712109
CN->US,540247,PLYSTR FIL YRN SING/UNTW/TWST LT=50/M NT RTL NESOI,109533,50900,115.2,1.55,"2026-05,2026-06,2026-07",7.835882288059282
CN->US,732112,"COOKNG APPLNCS AND PLT WRMRS, IRN/STL FOR LIQ FUEL",638744,391986,63.0,1.34,"2026-05,2026-06,2026-07",7.783816977720609
CN->US,160563,"JELLYFISH, PREPARED OR PRESERVED",102183,50186,103.6,1.55,"2026-05,2026-06,2026-07",7.752658334309588
CN->US,340420,ARTIFICIAL WAXES OF POLYETHYLENE GLYCOL,397006,228836,73.5,1.38,"2026-05,2026-06,2026-07",7.721682763959707
CN->US,560122,WADDING; OTHER ARTICLES OF WADDING OF MANMADE FIB,398079,248769,60.0,1.38,"2026-05,2026-06,2026-07",7.7206593238973715
CN->US,392059,"PLATE ETC, NON-CEL ETC, NO REIN, ACRYL POLMR NESOI",297214,166747,78.2,1.41,"2026-05,2026-06,2026-07",7.709961520044501
CN->US,961220,"INK-PAD, INKED OR NOT",284152,180668,57.3,1.41,"2026-05,2026-06,2026-07",7.702777280457017
CN->US,846390,MACH TOOL FOR WORK MET ETC WOUT REMOVE MTRL NESOI,804997,486602,65.4,1.29,"2026-05,2026-06,2026-07",7.60320200768366
CN->US,292159,AROMATIC POLYAMINES NESOI AND THEIR DERIVATIV,1803222,1147714,57.1,1.2,"2026-05,2026-06,2026-07",7.534595150792407
CN->US,843360,MACH FOR CLEAN/SORT/GRADING EGGS/FRUIT/AGR PRODUCE,446404,147094,203.5,1.33,"2026-05,2026-06,2026-07",7.521025260782669
CN->US,170199,CANE/BEET SUG CHEM PURE SUCROSE REFIND NESOI,204676,98206,108.4,1.41,"2026-05,2026-06,2026-07",7.500068376434069
CN->US,701820,GLASS MICROSPHERES NOT EXCEEDING 1 MM IN DIAMETER,1288446,655756,96.5,1.19,"2026-05,2026-06,2026-07",7.270249774776897
CN->US,846810,HAND-HELD BLOW TORCHES,829476,550531,50.7,1.22,"2026-05,2026-06,2026-07",7.216027826074046
CN->US,750400,NICKEL POWDERS AND FLAKES,182817,62814,191.0,1.37,"2026-05,2026-06,2026-07",7.206777172333062
CN->US,950590,"FESTVE,EX CHRTMS;CRNIVL MAGIC TRK JOKE ART;PT&ACCS",175483657,92463579,89.8,0.87,"2026-05,2026-06,2026-07",7.205421871040246
CN->US,621590,"TIES, BOW TIES AND CRAVATS, OF OTH TEXT, NOT KNIT",129680,80856,60.4,1.39,"2026-05,2026-06,2026-07",7.1117382616236124
CN->US,290290,"CYCLIC HYDROCARBONS, NESOI",907612,435395,108.5,1.19,"2026-05,2026-06,2026-07",7.110646646263264
CN->US,291830,CARBOXYLIC ACIDS WITH ALDEHYDE OR KETONE FUNC ETC,1494714,883195,69.2,1.15,"2026-05,2026-06,2026-07",7.089802545421125
CN->US,580631,"NARROW WOVEN FABRICS, NESOI, OF COTTON",512349,335406,52.8,1.23,"2026-05,2026-06,2026-07",7.041988682149007
CN->US,841720,"BAKERY OVENS, INCLUDING BISCUIT OVENS, NONELECTRIC",123231,62327,97.7,1.38,"2026-05,2026-06,2026-07",7.008597482659321
CN->US,441892,CELLULAR WOOD PANELS,126437,61108,106.9,1.36,"2026-05,2026-06,2026-07",6.9214963196535075
CN->US,591120,"BOLTING CLOTH, WHETHER OR NOT MADE-UP",167207,103102,62.2,1.32,"2026-05,2026-06,2026-07",6.918367477116983
CN->US,844790,"KNIT MCH,NESOI, & TUFT MCH;MCH F MAKE LACE,NET,ETC",655782,352624,86.0,1.19,"2026-05,2026-06,2026-07",6.90395229366566
CN->US,282751,BROMIDES OF SODIUM OR OF POTASSIUM,194708,78868,146.9,1.3,"2026-05,2026-06,2026-07",6.896019733800484
CN->US,950632,GOLF BALLS,2649826,1691511,56.7,1.07,"2026-05,2026-06,2026-07",6.8849848680185
CN->US,390740,"POLYCARBONATES, PR FMS",570101,350017,62.9,1.19,"2026-05,2026-06,2026-07",6.86853183331342
CN->US,846211,"CLOSED DIE FORGING MACHINES, HOT FORMING",204498,85232,139.9,1.28,"2026-05,2026-06,2026-07",6.80167900601627
CN->US,030569,"FISH NESOI, SALTED OR IN BRINE, NOT DRY OR SMOKE",544211,333599,63.1,1.18,"2026-05,2026-06,2026-07",6.792929642351149
CN->US,852792,REC APP FOR RADIO-BRDCST COMBINED W/ A CLOCK NESOI,1013212,658609,53.8,1.12,"2026-05,2026-06,2026-07",6.755122008930191
CN->US,382100,PREPARED CULTURE MEDIA FOR DEVEL OF MICROORGANISMS,1042633,517390,101.5,1.12,"2026-05,2026-06,2026-07",6.735906455174456
CN->US,200540,"PEAS (PISUM SATIVUM) PREP/PRES NESOI, NOT FROZEN",307831,199162,54.6,1.22,"2026-05,2026-06,2026-07",6.712590251716674
CN->US,130212,VEGETABLE SAPS AND EXTRACTS OF LICORICE,665270,380731,74.7,1.15,"2026-05,2026-06,2026-07",6.691270626850204
CN->US,701963,"CLOSED WOV FAB, PL WV, OF GLASS YARNS, NT COAT/LAM",368897,244455,50.9,1.19,"2026-05,2026-06,2026-07",6.643285610416924
CN->US,160232,"PREPARED OR PRESERVED CHICKEN MEAT OR OFFAL, NESOI",403343,246219,63.8,1.18,"2026-05,2026-06,2026-07",6.609252709440328
CN->US,843061,"TAMPING OR COMPACTING MACHINERY,NOT SELF-PROPELLED",479683,306180,56.7,1.16,"2026-05,2026-06,2026-07",6.609203357897972
CN->US,290543,MANNITOL,656308,418849,56.7,1.12,"2026-05,2026-06,2026-07",6.541054193761468
CN->US,320415,VAT DYES & PREPARATIONS BASED THEREON,372961,192160,94.1,1.17,"2026-05,2026-06,2026-07",6.509436463110915
CN->US,283210,SODIUM SULFITES,548021,250479,118.8,1.13,"2026-05,2026-06,2026-07",6.477784521822667
CN->US,320300,COLORING MATTER OF VEGETABLE OR ANIMAL ORIGIN,2606732,1722255,51.4,1.01,"2026-05,2026-06,2026-07",6.463482495401752
CN->US,903141,"OPTIC INSTRUM,APPLIANC INSPECT SEMICON WAFERS, ETC",377746,209746,80.1,1.15,"2026-05,2026-06,2026-07",6.4369854804653155
CN->US,160552,"SCALLOPS, PREPARED OR PRESERVED",169070,103194,63.8,1.23,"2026-05,2026-06,2026-07",6.421186492045328
CN->US,950611,"SNOW-SKIS & PARTS & ACCESSORIES, EXCEPT SKI POLES",2432923,1434055,69.7,1.0,"2026-05,2026-06,2026-07",6.416482215927988
CN->US,294200,ORGANIC COMPOUNDS NESOI,481089,291457,65.1,1.13,"2026-05,2026-06,2026-07",6.411994242262833
CN->US,130232,"MUCILAGES/THICKNRS FRM LOCUST BEAN/SEED, GUAR SEED",670167,435696,53.8,1.09,"2026-05,2026-06,2026-07",6.356941489051429
CN->US,840890,"COMPRESSION-IGNTN INT COMBUSTION PISTON ENG, NESOI",7543785,4582589,64.6,0.92,"2026-05,2026-06,2026-07",6.338321253253173
CN->US,401011,CONVEYOR BELTS OR BELTING REINFORCED WITH METAL,326052,125942,158.9,1.14,"2026-05,2026-06,2026-07",6.277685973275657
CN->US,870321,"PASS MTR VEH, SPARK IGN ENG, NOT OV 1,000 CC",18955554,10893328,74.0,0.85,"2026-05,2026-06,2026-07",6.21367136625387
CN->US,283990,"SILICATE; COMMERCIAL ALKALI METAL SILICATES, NESOI",135043,75444,79.0,1.2,"2026-05,2026-06,2026-07",6.164745254004119
CN->US,290351,"HFO-1234YF, HFO-1234ZE AND HFO-1336MZZ",7186564,3866594,85.9,0.89,"2026-05,2026-06,2026-07",6.127102654548587
CN->US,842833,"CONT-ACT ELEV & CONVEY,FR GOODS OR MATL,BELT TYPE",3168781,1896031,67.1,0.94,"2026-05,2026-06,2026-07",6.096110658233206
CN->US,848630,MACHINES FOR MANUFACT OF FLAT PANEL DISPLAYS,132731,37922,250.0,1.18,"2026-05,2026-06,2026-07",6.06259593378795
CN->US,284020,"BORATES, NESOI",153583,85475,79.7,1.16,"2026-05,2026-06,2026-07",6.0168005667110664
CN->US,230210,BRAN SHARPS & OTH RESIDUES DERIVED FRM MILLNG CORN,217876,76116,186.2,1.12,"2026-05,2026-06,2026-07",5.970686225594019
CN->US,290410,"HYDROCARBON DERIV CONT ONLY SULFO GROUPS, ETC",276162,164231,68.2,1.1,"2026-05,2026-06,2026-07",5.966949803329137
CN->US,890311,INFLAT BOATS FIT W/ MOTOR UNLAD WT NOT OVER 100 KG,816218,536197,52.2,1.01,"2026-05,2026-06,2026-07",5.962591498778146
CN->US,280300,"CARBON, NESOI (INCLUDING CARBON BLACK)",600975,391365,53.6,1.03,"2026-05,2026-06,2026-07",5.960188949093351
CN->US,840732,SPARK-IGNTN RECPRCTNG PISTN ENGINE ETC NOV 250CC,271138,158161,71.4,1.08,"2026-05,2026-06,2026-07",5.891009233720752
CN->US,130220,"PECTIC SUBSTANCES, PECTINATES AND PECTATES",760593,471051,61.5,1.0,"2026-05,2026-06,2026-07",5.878014933721301
CN->US,740919,PLATES SHEETS STRP REFIND COPPR OV.15MM TH NT COIL,192198,118333,62.4,1.11,"2026-05,2026-06,2026-07",5.859785056942058
CN->US,282731,MAGNESIUM CHLORIDE,115974,60983,90.2,1.15,"2026-05,2026-06,2026-07",5.817370052079867
CN->US,851440,INDUCTION OR DIELECTRIC HEATING EQUIPMENT NESOI,157658,99630,58.2,1.11,"2026-05,2026-06,2026-07",5.790934590267161
CN->US,290311,CHLOROMETHANE AND CHLOROETHANE,152851,98120,55.8,1.1,"2026-05,2026-06,2026-07",5.708194654096821
CN->US,293332,PIPERIDINE AND ITS SALTS,266436,96622,175.8,1.04,"2026-05,2026-06,2026-07",5.665123038398696
CN->US,080450,"GUAVAS, MANGOES AND MANGOSTEENS, FRESH OR DRIED",253015,165544,52.8,1.02,"2026-05,2026-06,2026-07",5.530863000521609
CN->US,610829,"W/G BRIEFS & PANTIES OF TEXTILE MAT NESOI, KNIT",265745,151058,75.9,1.01,"2026-05,2026-06,2026-07",5.464365239478548
CN->US,482030,"BINDERS,FOLDERS EXC BOOK COV FILE CVRS, PPR/PPRBRD",1940946,1169789,65.9,0.87,"2026-05,2026-06,2026-07",5.463064519863268
CN->US,280910,DIPHOSPHORUS PENTAOXIDE,421696,193693,117.7,0.97,"2026-05,2026-06,2026-07",5.452121656450763
CN->US,291461,ANTHRAQUINONE,140822,39189,259.3,1.05,"2026-05,2026-06,2026-07",5.421986443514946
CN->US,701690,GLS CONS ART NESOI;LD WNDWS;MLTCLR/FMD GLS ARTCLS,2515611,1607094,56.5,0.85,"2026-05,2026-06,2026-07",5.421585290161437
CN->US,845630,ELECTRO-DISCHARGE MACHINE TOOLS FOR REMOVING MATL,412925,205943,100.5,0.96,"2026-05,2026-06,2026-07",5.413890619842325
CN->US,370790,"CHEM PREP,PHOTO USE, MEAS/RTL SALE, NESOI",175590,99723,76.1,1.02,"2026-05,2026-06,2026-07",5.362849301915921
CN->US,251320,"EMERY, NATURAL CORUNDUM & OTHER NATURAL ABRASIVES",972187,590778,64.6,0.89,"2026-05,2026-06,2026-07",5.351972406871582
CN->US,811239,"HAFNIUM AND ARTICLES THEREOF, NESOI",851875,485265,75.5,0.89,"2026-05,2026-06,2026-07",5.293951468451716
CN->US,440890,"VENEER SHEET ETC, NOT OV 6MM, NONCONIFEROUS NESOI",255371,165099,54.7,0.96,"2026-05,2026-06,2026-07",5.187033116299349
CN->US,852583,"NIGHT VISION TV,DIG,VIDEO CAMERAS C85 SUBH NOTE 3",149052,78950,88.8,0.99,"2026-05,2026-06,2026-07",5.118699077800111
CN->US,340241,CATIONIC ORGANIC SURFACE-ACTIVE AGENTS,103945,60441,72.0,1.01,"2026-05,2026-06,2026-07",5.065207371260952
CN->US,843610,MACHINERY FOR PREPARING ANIMAL FEEDS,106866,53656,99.2,1.0,"2026-05,2026-06,2026-07",5.050308281332518
CN->US,841340,CONCRETE PUMPS,316692,192307,64.7,0.92,"2026-05,2026-06,2026-07",5.046185086668397
CN->US,240412,NICOTINE PRODUCTS FOR INHALATION W/O COMBUST,12588185,6321080,99.1,0.7,"2026-05,2026-06,2026-07",4.985851838347979
CN->US,293959,"THEOPHYLLINE AND AMINOPHYLLINE &DERIV & SALTS, NES",152107,65008,134.0,0.96,"2026-05,2026-06,2026-07",4.955754952197552
CN->US,761300,ALUMINUM CONTAINERS FOR COMPRESSED OR LIQUEFID GAS,757422,494272,53.2,0.84,"2026-05,2026-06,2026-07",4.932288242537238
CN->US,730210,RAILWAY OR TRAMWAY RAILS OF IRON OR STEEL,364204,152253,139.2,0.88,"2026-05,2026-06,2026-07",4.9209446237585075
CN->US,880621,RC UNMANNED AIRCR FLIGHT MAX TAKEOFF NOT OVER 250G,102272,49453,106.8,0.98,"2026-05,2026-06,2026-07",4.916897301733824
CN->US,640420,"FOOTWEAR, OUT SOLE LEA OR COMP LEA & TEXTILE UPPER",969557,617362,57.0,0.82,"2026-05,2026-06,2026-07",4.91302592548724
CN->US,721090,FLAT-ROLL IRON OR NONALLOY STEEL NU600MMCLAD NESOI,138922,84270,64.9,0.92,"2026-05,2026-06,2026-07",4.717528027480783
CN->US,600240,"KT/CD FAB,WD<30CM,WT>5% ELA YRN,NT RUB THD,NT 6001",136900,57950,136.2,0.91,"2026-05,2026-06,2026-07",4.687517168674366
CN->US,844859,"PTS & ACCESS NESOI FOR MACH FOR KNITTNG, BRAID ETC",303180,198935,52.4,0.84,"2026-05,2026-06,2026-07",4.577682327480513
CN->US,846222,PROFILE FORMING MACHINES FOR FLAT METAL PRODUCTS,261755,143107,82.9,0.84,"2026-05,2026-06,2026-07",4.542199557654913
CN->US,160557,"ABALONE, PREPARED OR PRESERVED",242759,155688,55.9,0.84,"2026-05,2026-06,2026-07",4.519155360823465
CN->US,540211,"SYNT FILMT YRN, HIGH TENACITY YARN OF ARAMIDS",195582,125545,55.8,0.85,"2026-05,2026-06,2026-07",4.502001867790154
CN->US,821591,"SPNS FRKS LDLS ETC, BS MTL PTS, PRC MTL PLTD,NT ST",104213,67456,54.5,0.89,"2026-05,2026-06,2026-07",4.4573850971112945
CN->US,281530,PEROXIDES OF SODIUM OR POTASSIUM,116667,37917,207.7,0.86,"2026-05,2026-06,2026-07",4.3370913280101195
CN->US,620819,"W/G SLIPS & PETTICOATS OT TEXTILE MATERIALS, N KT",101222,61232,65.3,0.86,"2026-05,2026-06,2026-07",4.318987330121418
CN->US,911310,"WATCH BANDS ETC,OF PRCS METAL/METAL CLAD ETC & PTS",218135,115982,88.1,0.81,"2026-05,2026-06,2026-07",4.3144946009067375
CN->US,871150,"MOTORCYCLES, CYCL,EXCD 800 CC",105132,42774,145.8,0.86,"2026-05,2026-06,2026-07",4.305082059732007
CN->US,750712,TUBES AND PIPES OF NICKEL ALLOYS,446547,278922,60.1,0.75,"2026-05,2026-06,2026-07",4.222317622345926
CN->US,030783,"ABALONE (HALIOTIS SPP.), FROZEN",125558,76933,63.2,0.82,"2026-05,2026-06,2026-07",4.180826693332505
CN->US,670300,"HUMAN HAIR, WOOL/OTH ANIMAL HAIR, EXC TEXT FOR WIG",153538,90260,70.1,0.79,"2026-05,2026-06,2026-07",4.112314670370764
CN->US,310540,AMMONIUM DIHYDROGENORTHOPHOSPHATE,190138,110726,71.7,0.78,"2026-05,2026-06,2026-07",4.0934547807108865
CN->US,732219,"RADIATORS FOR CNTRL HTNG AND PARTS, IOS EXC CSTIRN",149886,67813,121.0,0.79,"2026-05,2026-06,2026-07",4.063337070384106
CN->US,900140,SPECTACLE LENSES OF GLASS,108903,69656,56.3,0.79,"2026-05,2026-06,2026-07",3.9884513325802056
CN->US,811231,"HAFNIUM, UNWROUGHT; WASTE AND SCRAP; POWDERS",1021631,444598,129.8,0.66,"2026-05,2026-06,2026-07",3.9800401327828716
CN->US,381010,"PICKLING PREP FOR METAL SURFACES, SOLDERING, ETC",359204,221847,61.9,0.72,"2026-05,2026-06,2026-07",3.978432174285497
CN->US,550140,"SYNTHETIC FILAMENT TOW, OF POLYPROPYLENE",170871,85116,100.7,0.76,"2026-05,2026-06,2026-07",3.956345113959228
CN->US,810297,MOLYBDENUM WASTE AND SCRAP,146174,44437,228.9,0.76,"2026-05,2026-06,2026-07",3.918903735493287
CN->US,903120,TEST BENCHES,401886,242316,65.9,0.7,"2026-05,2026-06,2026-07",3.9132197968036695
CN->US,848640,MACHINES AND APPARATUS SPECIF IN CH 84 NOTE 11(C),15889395,10277294,54.6,0.54,"2026-05,2026-06,2026-07",3.911734920266825
CN->US,293750,"PROSTAGLANDINS,THROMBOXANES & LEUKOTRINES & DERIV.",141946,48578,192.2,0.75,"2026-05,2026-06,2026-07",3.8772668933938417
CN->US,890333,MOTORBOATS OF A LENGTH EXCEEDING 24 M,147314,42500,246.6,0.74,"2026-05,2026-06,2026-07",3.8430588371179826
CN->US,890312,INFLAT BOATS NOT FOR MOTOR UNLAD WT NOT OV 100 KG,853577,567468,50.4,0.64,"2026-05,2026-06,2026-07",3.784753528303373
CN->US,852349,"OPTICAL MEDIA FOR SOUND/OTHER PHENOMENA, RECORDED",1819292,1006728,80.7,0.6,"2026-05,2026-06,2026-07",3.750737918701242
CN->US,291814,CITRIC ACID,562094,339834,65.4,0.65,"2026-05,2026-06,2026-07",3.7331704625989564
CN->US,283524,POTASSIUM PHOSPHATE,166426,102865,61.8,0.71,"2026-05,2026-06,2026-07",3.681672566149231
CN->US,160411,"SALMON, PREPARED OR PRESERVED, WHOLE OR PIECES",104553,43274,141.6,0.73,"2026-05,2026-06,2026-07",3.6653410420400934
CN->US,110620,"FLOUR & MEAL OF SAGO, ROOTS/TUBERS OF HEADING 0714",170222,105372,61.5,0.7,"2026-05,2026-06,2026-07",3.662818328535878
CN->US,391211,"CELLULOSE ACETATES, NONPLASTICIZED, PR FMS",368127,146620,151.1,0.65,"2026-05,2026-06,2026-07",3.6350490473979375
CN->US,840410,"AUXILIARY PLANT FOR STEAM, WATER AND CENTRAL BOILR",382943,194963,96.4,0.65,"2026-05,2026-06,2026-07",3.6301046633694964
CN->US,580122,"WOVEN FABRIC OF COT, CUT CORDUROY",153661,86102,78.5,0.69,"2026-05,2026-06,2026-07",3.595436500760723
CN->US,390530,"POLYVINYL ALCOHOLS, W/WO UNHYDROLYZED ACETATE GRPS",598652,370388,61.6,0.62,"2026-05,2026-06,2026-07",3.593794248338547
CN->US,843041,"BORING OR SINKING MACHINERY, NESOI, SELF-PROPELLED",656858,437413,50.2,0.61,"2026-05,2026-06,2026-07",3.5449392314012775
CN->US,540741,WOV FAB SYN FIL YN NESOI 85% NYLON UNBL AND BLEACH,179600,118840,51.1,0.67,"2026-05,2026-06,2026-07",3.5447245066259097
CN->US,292023,TRIMETHYL PHOSPHITE,136057,56662,140.1,0.68,"2026-05,2026-06,2026-07",3.4956710248600875
CN->US,847350,PTS SUITBLE FR USE W MAC OF 2/MORE HEAD 8469-8472,1738842,1091289,59.3,0.56,"2026-05,2026-06,2026-07",3.469011848056163
CN->US,390761,"POLY(ETHYLENE TEREPHTHALATE, VISC 78ML/G OR MORE",227517,131580,72.9,0.65,"2026-05,2026-06,2026-07",3.467544835977978
CN->US,720510,"GRANULES, IRON OR STEEL",144900,87829,65.0,0.67,"2026-05,2026-06,2026-07",3.4675233755843182
CN->US,291540,"MONO-, DI- OR TRICHLOROACETIC ACIDS, THEIR DERIV",159333,93991,69.5,0.66,"2026-05,2026-06,2026-07",3.4263100458521185
CN->US,842112,"CLOTHES-DRYERS, CENTRIFUGAL",216631,126589,71.1,0.62,"2026-05,2026-06,2026-07",3.3255091542351027
CN->US,620811,"W/G SLIPS AND PETTICOATS MANMADE FIBERS, NOT KNIT",147756,96134,53.7,0.64,"2026-05,2026-06,2026-07",3.28370513396398
CN->US,320500,COLOR LAKES; PREPARATIONS BASED ON COLOR LAKES,274616,167232,64.2,0.6,"2026-05,2026-06,2026-07",3.2443112213353076
CN->US,841933,"LYOPHILIZATION, FREEZE DRYING UNITS, SPRAY DRYERS",383572,182123,110.6,0.57,"2026-05,2026-06,2026-07",3.190988280432466
CN->US,844316,FLEXOGRAPHIC PRINTING MACHINERY,140107,84681,65.5,0.61,"2026-05,2026-06,2026-07",3.136107928887982
CN->US,842389,"WEIGHING MACHINERY, NESOI, CAPACITY >5000 KG",136501,88973,53.4,0.6,"2026-05,2026-06,2026-07",3.093091819307917
CN->US,152110,VEGETABLE WAXES (OTHER THAN TRIGLYCERIDES),152794,101043,51.2,0.57,"2026-05,2026-06,2026-07",2.9384328927126395
CN->US,293331,PYRIDINE AND ITS SALTS,377783,251808,50.0,0.51,"2026-05,2026-06,2026-07",2.8227187222596513
CN->US,846259,"MACH WORKING METAL TUBE,PIPE,HOLLOW SECT/BAR NES",232620,132385,75.7,0.44,"2026-05,2026-06,2026-07",2.3499656231470585
CN->US,810411,UNWRGHT MAGSIUM CONT 99.8 PCT BY WGHT OF MAGSIUM,171275,76267,124.6,0.42,"2026-05,2026-06,2026-07",2.2125125705927595
CN->US,841610,FURNACE BURNERS FOR LIQUID FUEL,160509,96600,66.2,0.41,"2026-05,2026-06,2026-07",2.133539318272609
CN->US,711810,COIN (EXCPT GOLD COIN) NOT BEING LEGAL TENDER,259863,167317,55.3,0.34,"2026-05,2026-06,2026-07",1.8645314249218454
CN->US,280530,"RARE-EARTH METAL, SCANDIUM & YTTRIUM",806348,529034,52.4,0.32,"2026-05,2026-06,2026-07",1.8629937721839434
CN->US,292144,DIPHENYLAMINE AND ITS DERIVATIVES; SALTS THEREOF,121284,77360,56.8,0.33,"2026-05,2026-06,2026-07",1.6690491738799602
TR->BR,310559,,3488522,0,NEW,,"2026-06,2026-07,2026-08",65419.87202010019
TR->BR,261310,,427319,0,NEW,,"2026-06,2026-07,2026-08",56301.88789438036
TR->BR,721640,,255100,0,NEW,,"2026-06,2026-07,2026-08",54061.69220137644
TR->BR,847480,,288889,1138,25289.4,76.25,"2026-06,2026-07,2026-08",273.03657533381676
TR->BR,391190,,201014,669,29931.9,90.25,"2026-06,2026-07,2026-08",265.1612792780259
TR->BR,293499,,136078,440,30838.5,92.98,"2026-06,2026-07,2026-08",256.6893426895146
TR->BR,847990,,842121,47322,1679.6,10.28,"2026-06,2026-07,2026-08",60.88916759751831
TR->BR,380991,,150466,8670,1635.5,11.45,"2026-06,2026-07,2026-08",59.25674625131147
TR->BR,844519,,1672060,81749,1945.3,9.07,"2026-06,2026-07,2026-08",56.44711556782977
TR->BR,283322,,185198,24170,666.2,6.84,"2026-06,2026-07,2026-08",36.030854108981075
TR->BR,392119,,1065096,347203,206.8,5.24,"2026-06,2026-07,2026-08",31.569775316575182
TR->BR,902730,,105015,11197,837.8,6.28,"2026-06,2026-07,2026-08",31.53703800291151
TR->BR,620230,,107849,23290,363.1,6.25,"2026-06,2026-07,2026-08",31.440800501199604
TR->BR,330499,,142876,19640,627.5,5.88,"2026-06,2026-07,2026-08",30.304540616287223
TR->BR,281000,,3827270,1065010,259.4,4.21,"2026-06,2026-07,2026-08",27.745713983945528
TR->BR,847989,,706096,135585,420.8,4.48,"2026-06,2026-07,2026-08",26.220804523881718
TR->BR,280700,,4749362,614172,673.3,3.87,"2026-06,2026-07,2026-08",25.82928646030462
TR->BR,620319,,109503,8360,1209.8,5.02,"2026-06,2026-07,2026-08",25.303774636432497
TR->BR,842139,,551357,131039,320.8,4.35,"2026-06,2026-07,2026-08",24.99168880571085
TR->BR,730890,,142128,11138,1176.1,4.63,"2026-06,2026-07,2026-08",23.874976698811803
TR->BR,550962,,306667,21161,1349.2,4.12,"2026-06,2026-07,2026-08",22.61275052895893
TR->BR,210690,,1172235,355625,229.6,3.42,"2026-06,2026-07,2026-08",20.757446150351747
TR->BR,721631,,222065,27913,695.6,3.83,"2026-06,2026-07,2026-08",20.488725295973715
TR->BR,271019,,997213,128649,675.1,3.32,"2026-06,2026-07,2026-08",19.941788642672
TR->BR,281910,,631848,217450,190.6,3.42,"2026-06,2026-07,2026-08",19.813606810358827
TR->BR,190590,,100832,20562,390.4,3.9,"2026-06,2026-07,2026-08",19.53777100094951
TR->BR,842129,,351541,120922,190.7,3.36,"2026-06,2026-07,2026-08",18.658617565621253
TR->BR,853710,,116749,14303,716.3,3.65,"2026-06,2026-07,2026-08",18.474671573562812
TR->BR,284019,,545561,275378,98.1,3.11,"2026-06,2026-07,2026-08",17.8313665513315
TR->BR,252800,,2703489,1317398,105.2,2.7,"2026-06,2026-07,2026-08",17.376403725732118
TR->BR,853720,,177368,36522,385.6,3.14,"2026-06,2026-07,2026-08",16.472032425079693
TR->BR,520942,,107952,19746,446.7,3.14,"2026-06,2026-07,2026-08",15.791768175669244
TR->BR,391990,,204333,70104,191.5,2.95,"2026-06,2026-07,2026-08",15.689499408968462
TR->BR,721720,,664853,297666,123.4,2.45,"2026-06,2026-07,2026-08",14.249454302247193
TR->BR,680911,,191383,43745,337.5,2.51,"2026-06,2026-07,2026-08",13.282148595872869
TR->BR,600631,,132074,46971,181.2,2.58,"2026-06,2026-07,2026-08",13.196639296881255
TR->BR,281700,,294623,113020,160.7,2.36,"2026-06,2026-07,2026-08",12.919105154827282
TR->BR,721622,,593879,124614,376.6,2.22,"2026-06,2026-07,2026-08",12.818434463312903
TR->BR,320300,,121920,42128,189.4,2.48,"2026-06,2026-07,2026-08",12.626947396107838
TR->BR,240311,,146006,22478,549.5,2.42,"2026-06,2026-07,2026-08",12.482869224083153
TR->BR,321519,,306348,180822,69.4,2.24,"2026-06,2026-07,2026-08",12.284302896311505
TR->BR,847790,,103282,31184,231.2,2.42,"2026-06,2026-07,2026-08",12.145335446752911
TR->BR,080222,,10214557,3854241,165.0,1.67,"2026-06,2026-07,2026-08",11.681651348931243
TR->BR,271290,,137842,29718,363.8,2.25,"2026-06,2026-07,2026-08",11.57475985991826
TR->BR,381400,,135396,42863,215.9,2.09,"2026-06,2026-07,2026-08",10.737465070437311
TR->BR,390690,,123610,41495,197.9,2.09,"2026-06,2026-07,2026-08",10.639550619201202
TR->BR,810411,,436813,103607,321.6,1.86,"2026-06,2026-07,2026-08",10.470191266866495
TR->BR,550630,,134280,66621,101.6,1.97,"2026-06,2026-07,2026-08",10.10401140676657
TR->BR,721050,,449700,132256,240.0,1.72,"2026-06,2026-07,2026-08",9.711429262133988
TR->BR,091099,,219280,115396,90.0,1.8,"2026-06,2026-07,2026-08",9.640250289448637
TR->BR,843141,,143032,36174,295.4,1.86,"2026-06,2026-07,2026-08",9.584339819923546
TR->BR,250300,,1588803,375054,323.6,1.54,"2026-06,2026-07,2026-08",9.538882554702507
TR->BR,390120,,116365,33794,244.3,1.7,"2026-06,2026-07,2026-08",8.625457774248737
TR->BR,283329,,1215490,654998,85.6,1.37,"2026-06,2026-07,2026-08",8.320515294106219
TR->BR,284020,,1795507,814662,120.4,1.27,"2026-06,2026-07,2026-08",7.9590804433651
TR->BR,611595,,234443,114942,104.0,1.47,"2026-06,2026-07,2026-08",7.919583168228752
TR->BR,570292,,442508,217776,103.2,1.39,"2026-06,2026-07,2026-08",7.839912021399139
TR->BR,730640,,579748,258551,124.2,1.33,"2026-06,2026-07,2026-08",7.6371113399107955
TR->BR,841330,,364260,219564,65.9,1.35,"2026-06,2026-07,2026-08",7.491028884656964
TR->BR,482390,,249619,104233,139.5,1.38,"2026-06,2026-07,2026-08",7.451247322928421
TR->BR,722850,,196429,66511,195.3,1.4,"2026-06,2026-07,2026-08",7.395592638942805
TR->BR,845140,,458978,123630,271.2,1.3,"2026-06,2026-07,2026-08",7.371725560113384
TR->BR,721012,,1176702,673033,74.8,1.17,"2026-06,2026-07,2026-08",7.120455528765572
TR->BR,560313,,145249,80536,80.4,1.28,"2026-06,2026-07,2026-08",6.614944177596561
TR->BR,520100,,121627,43992,176.5,1.23,"2026-06,2026-07,2026-08",6.240835254971836
TR->BR,820730,,384977,93986,309.6,1.06,"2026-06,2026-07,2026-08",5.940161886719489
TR->BR,841231,,626655,383031,63.6,1.02,"2026-06,2026-07,2026-08",5.8849002276972024
TR->BR,870894,,196008,125171,56.6,1.09,"2026-06,2026-07,2026-08",5.757704011088885
TR->BR,620640,,235951,149699,57.6,1.05,"2026-06,2026-07,2026-08",5.624148387355115
TR->BR,853690,,285411,179226,59.2,1.0,"2026-06,2026-07,2026-08",5.46400832308011
TR->BR,600633,,116266,73070,59.1,1.02,"2026-06,2026-07,2026-08",5.169280915385551
TR->BR,620469,,143965,92409,55.8,0.99,"2026-06,2026-07,2026-08",5.087573874381219
TR->BR,842839,,146585,41477,253.4,0.95,"2026-06,2026-07,2026-08",4.919086946208572
TR->BR,722830,,987882,606782,62.8,0.8,"2026-06,2026-07,2026-08",4.8155417395504925
TR->BR,392410,,249336,125127,99.3,0.82,"2026-06,2026-07,2026-08",4.429020589852686
TR->BR,540773,,104458,54846,90.5,0.87,"2026-06,2026-07,2026-08",4.369855330573146
TR->BR,722990,,156744,86193,81.9,0.84,"2026-06,2026-07,2026-08",4.345570425537559
TR->BR,560391,,275317,144442,90.6,0.8,"2026-06,2026-07,2026-08",4.332170187835241
TR->BR,480700,,217821,80798,169.6,0.78,"2026-06,2026-07,2026-08",4.1716721287561755
TR->BR,291620,,135992,64477,110.9,0.76,"2026-06,2026-07,2026-08",3.884575631545005
TR->BR,721650,,207356,113624,82.5,0.68,"2026-06,2026-07,2026-08",3.5941106713672006
TR->BR,850431,,102004,62801,62.4,0.71,"2026-06,2026-07,2026-08",3.5602532059886665
TR->BR,380290,,296364,192177,54.2,0.64,"2026-06,2026-07,2026-08",3.5092869791448895
TR->BR,902110,,144590,82073,76.2,0.67,"2026-06,2026-07,2026-08",3.449278466375489
TR->BR,283650,,314532,199871,57.4,0.53,"2026-06,2026-07,2026-08",2.901408123806864
TR->BR,854790,,127663,56164,127.3,0.56,"2026-06,2026-07,2026-08",2.859671396519017
TR->BR,560311,,185227,122727,50.9,0.47,"2026-06,2026-07,2026-08",2.461331372898005
TR->BR,845180,,430251,264748,62.5,0.42,"2026-06,2026-07,2026-08",2.367549609021625
TR->BR,841199,,188543,87024,116.7,0.45,"2026-06,2026-07,2026-08",2.3600622799731936
TR->BR,282590,,102659,63421,61.9,0.42,"2026-06,2026-07,2026-08",2.089575326290135
TR->US,110423,GRAINS WORKED (HULLD PEARLD SLICED KIBBLD) OF CORN,3523569,0,NEW,,"2026-05,2026-06,2026-07",65463.28041093859
TR->US,290243,PARA-XYLENE,2415127,0,NEW,,"2026-05,2026-06,2026-07",63823.016192294475
TR->US,810690,"BISMUTH AND ARTICLES THEREOF INCL WASTE, SCRAP NES",311233,0,NEW,,"2026-05,2026-06,2026-07",54925.358653032425
TR->US,120760,SAFFLOWER SEEDS,298493,0,NEW,,"2026-05,2026-06,2026-07",54743.87142407569
TR->US,701969,"MECHANICALLY BONDED GLASS FABRICS, NESOI",270551,0,NEW,,"2026-05,2026-06,2026-07",54317.064535996986
TR->US,721310,BARS AND RODS IRREGULAR COILS CONCRETE REINFORCING,245919,0,NEW,,"2026-05,2026-06,2026-07",53902.53593554104
TR->US,721633,"H SECTIONS IRN/NAS, HOT-WRKD, 80MM HI OR MORE",207059,0,NEW,,"2026-05,2026-06,2026-07",53155.61803747452
TR->US,150210,"TALLOW OF BOVINE ANIMALS, SHEEP OR GOATS, NESOI",180665,0,NEW,,"2026-05,2026-06,2026-07",52563.48337991045
TR->US,811299,"OTH WRGHT GALLIUM,INDIUM,NIOBIUM & ARTICLES THEREO",153314,0,NEW,,"2026-05,2026-06,2026-07",51850.6325645851
TR->US,851440,INDUCTION OR DIELECTRIC HEATING EQUIPMENT NESOI,146667,0,NEW,,"2026-05,2026-06,2026-07",51658.14788624349
TR->US,880400,PARACHUTES (INCLUDING DIRIGIBLE PARACHUTES) ROTOCH,139334,0,NEW,,"2026-05,2026-06,2026-07",51435.4166042954
TR->US,842952,MECH SHOVELS EXCAVATORS ETC W 360 DEGREE SPRSTRUC,128584,0,NEW,,"2026-05,2026-06,2026-07",51086.7488727789
TR->US,844313,"OFFSET PRINTING MACHINERY, NESOI",108333,0,NEW,,"2026-05,2026-06,2026-07",50342.58630048586
TR->US,847529,"MACHINES FOR MANUF OR HOT WORKING GLASS, NESOI",183193,298,61443.1,185.26,"2026-05,2026-06,2026-07",263.14548325119114
TR->US,281820,"ALUMINUM OXIDE, EXCEPT ARTIFICIAL CORUNDUM, NESOI",137928,430,31994.9,96.47,"2026-05,2026-06,2026-07",256.9826219422652
TR->US,903300,"PTS, NESOI FOR MACHINES,APPLN,INST/APPTS OF CHAP90",534869,31958,1573.7,30.45,"2026-05,2026-06,2026-07",174.44839274077006
TR->US,710691,"SILVER, UNWROUGHT NESOI",276719,4484,6071.3,29.14,"2026-05,2026-06,2026-07",158.56643601306294
TR->US,841919,"NONELECTRIC WATER HEATERS, INSTANT OR STORAGE NES",103876,2358,4304.6,27.02,"2026-05,2026-06,2026-07",135.5551010934784
TR->US,280519,ALKALI METALS EXCEPT SODIUM,140272,4282,3176.2,24.67,"2026-05,2026-06,2026-07",126.99463042155777
TR->US,903110,MACHINES FOR BALANCING MECHANICAL PARTS,146987,1790,8111.6,24.46,"2026-05,2026-06,2026-07",126.37762072634847
TR->US,721699,ANGLES SHAPES SECTIONS IRON/NONALLOY STEEL NESOI,461238,10198,4422.8,18.87,"2026-05,2026-06,2026-07",106.89157352869955
TR->US,842010,CALENDERING OR OTHER ROLLING MACHINES,149720,4108,3544.3,13.23,"2026-05,2026-06,2026-07",68.46614771938697
TR->US,846310,DRAW-BENCH FOR BARS TUBES PROFILE WIRE F WORK MET,233522,5667,4021.0,12.12,"2026-05,2026-06,2026-07",65.08389422879215
TR->US,844120,MACHINES FOR MAKING PAPER BAGS ETC OR ENVELOPES,204286,6575,3007.0,9.07,"2026-05,2026-06,2026-07",48.14508729493661
TR->US,761410,STRANDED WIRE ETC OF ALUMINUM WITH STEEL CORE,1316583,229764,473.0,7.38,"2026-05,2026-06,2026-07",45.15928642439303
TR->US,721631,U SEC IOS NA HOT-WKD 80MM OR MORE HIGH,191345,17092,1019.5,7.81,"2026-05,2026-06,2026-07",41.261310887271144
TR->US,621430,"SHAWLS SCARVES AND THE LIKE OF SYNTHETIC FIB, N KT",541696,135153,300.8,6.33,"2026-05,2026-06,2026-07",36.320039535829906
TR->US,830241,"MOUNTINGS & SMLR ART & PTS FOR BUILDINGS, BASE MTL",259465,80871,220.8,5.68,"2026-05,2026-06,2026-07",30.772034445405406
TR->US,291570,"PALMITIC ACID, STEARIC ACID, THEIR SALTS AND ESTRS",161509,24942,547.5,5.73,"2026-05,2026-06,2026-07",29.847770227078353
TR->US,390931,POLY(METHYLNE PHENYL ISOCYANAT) (CRDE/POLYMRIC MDI,229813,29802,671.1,5.49,"2026-05,2026-06,2026-07",29.43709183717895
TR->US,490199,"PRINTED BOOKS, BROCHURES, ETC., NESOI",1463667,843314,73.6,4.72,"2026-05,2026-06,2026-07",29.104168559885956
TR->US,853400,PRINTED CIRCUITS,107650,12273,777.1,5.69,"2026-05,2026-06,2026-07",28.628571016968927
TR->US,930630,"CARTRIDGES AND PARTS THEREOF, NESOI",3747190,1380238,171.5,4.13,"2026-05,2026-06,2026-07",27.118310932000803
TR->US,880790,"PARTS OF GOODS OF HEADING 8801, 8802 OR 8806 NESOI",1521574,275509,452.3,4.27,"2026-05,2026-06,2026-07",26.39632468048431
TR->US,271012,"LT OILS, PREPS GT=70% PETROLEUM/BITUM NT BIODIESEL",138798405,35330729,292.9,3.22,"2026-05,2026-06,2026-07",26.229165548042328
TR->US,740329,"UNWROUGHT COPPER ALLOYS, NESOI",310554,42196,636.0,4.77,"2026-05,2026-06,2026-07",26.20030366387516
TR->US,760611,"ALUMINUM NONALLOY RECT PLATES ETC, OVER .2MM THICK",465877,102994,352.3,4.44,"2026-05,2026-06,2026-07",25.185737124595114
TR->US,680221,"MARBLE, TRAVERTINE A ALABASTER, CUT, FLAT",3461805,2112835,63.8,3.82,"2026-05,2026-06,2026-07",24.96844755311836
TR->US,721640,"L OR T SECTIONS IR/NAS HOT-WRKD, 80MM HI OR MORE",182553,21277,758.0,4.58,"2026-05,2026-06,2026-07",24.117186139855782
TR->US,620469,"WOMEN'S OR GIRLS' TROUSERS ETC NOT KNIT, TEX NESOI",1451481,736462,97.1,3.9,"2026-05,2026-06,2026-07",24.042980573275123
TR->US,730640,"PIPE ETC NESOI, WELD CIR CR SECT, STAINLESS STEEL",1101615,218209,404.8,3.89,"2026-05,2026-06,2026-07",23.489803697038703
TR->US,430219,"FURSKINS NESOI, WHOLE TANNED/DRESSED NOT ASSEMBLED",209171,110955,88.5,4.4,"2026-05,2026-06,2026-07",23.414510895365446
TR->US,700991,GLASS MIRRORS UNFRAMED NOT VEHICLE REARVIEW MIRROR,193274,41274,368.3,4.39,"2026-05,2026-06,2026-07",23.23243772015804
TR->US,390791,"POLYESTERS NESOI, UNSATURATED, PR FMS",1908136,762182,150.4,3.69,"2026-05,2026-06,2026-07",23.19578325064748
TR->US,930591,PARTS & ACCESSOR. OF MILITARY WEAPONS OF HEAD 9301,407689,93705,335.1,4.08,"2026-05,2026-06,2026-07",22.912326360965476
TR->US,871690,"PTS TRAILERS, SEMI-TRAILER & OT VEH N MECH PROPELD",1754536,419894,317.9,3.67,"2026-05,2026-06,2026-07",22.89084102762504
TR->US,610469,"WOMEN'S OR GIRLS' TROUSERS ETC KNIT ETC, TEX NESOI",388428,122391,217.4,4.09,"2026-05,2026-06,2026-07",22.85280370970024
TR->US,252010,GYPSUM; ANHYDRITE,363007,61758,487.8,4.03,"2026-05,2026-06,2026-07",22.388312374253136
TR->US,730661,"TUBES, PIPES ETC IRN/STL WLDD, SQ/RCT CR-SEC NESOI",330126,43880,652.3,3.75,"2026-05,2026-06,2026-07",20.676749064056725
TR->US,320300,COLORING MATTER OF VEGETABLE OR ANIMAL ORIGIN,2317200,924347,150.7,3.24,"2026-05,2026-06,2026-07",20.631430352957008
TR->US,030482,"TROUT FILLETS, FROZEN",1852486,905384,104.6,3.22,"2026-05,2026-06,2026-07",20.200532285606318
TR->US,401190,"NEW PNEUMATIC TIRES OF RUBBER, NESOI",217563,48332,350.1,3.72,"2026-05,2026-06,2026-07",19.847978246261768
TR->US,081350,"MIXTURES OF DRIED FRUITS, NUTS, OR FRUITS AND NUTS",429875,168594,155.0,3.45,"2026-05,2026-06,2026-07",19.43221920051722
TR->US,830249,"MOUNTINGS & SMLR ART & PARTS OF BASE METAL, NESOI",2610076,1376989,89.5,3.01,"2026-05,2026-06,2026-07",19.288023427372966
TR->US,854370,"ELEC MACH AND APP, HAVING INDIV FUNCTIONS, NESOI",432982,185742,133.1,3.32,"2026-05,2026-06,2026-07",18.728691357672048
TR->US,280530,"RARE-EARTH METAL, SCANDIUM & YTTRIUM",141690,15159,834.7,3.58,"2026-05,2026-06,2026-07",18.462594642333013
TR->US,940519,"CHANDELIERS, OTH ELEC CEILING/WALL LIGHTING NESOI",102983,48793,111.1,3.67,"2026-05,2026-06,2026-07",18.414192503070865
TR->US,722990,"WIRE OF OTHER ALLOY STEEL, NESOI",175013,24854,604.2,3.47,"2026-05,2026-06,2026-07",18.184816817584466
TR->US,853690,ELECT APPR F PRTCT TO ELECT CIRCT NOV 1000 V NESOI,25084721,16101532,55.8,2.43,"2026-05,2026-06,2026-07",17.967551544034308
TR->US,570339,"CARPETS, OTH FLOOR COVER OF MAN-MADE TEXTILES NES",3044965,1508911,101.8,2.76,"2026-05,2026-06,2026-07",17.909891969962437
TR->US,854460,ELECTRIC CONDUCTORS FOR VOLTAGE EXCEEDING 1000 V,4734524,2792775,69.5,2.67,"2026-05,2026-06,2026-07",17.846635087329386
TR->US,842410,"FIRE EXTINGUISHERS, WHETHER OR NOT CHARGED",123832,15255,711.8,3.42,"2026-05,2026-06,2026-07",17.407490102760644
TR->US,621290,BRACES SUSPENDERS GARTERS ART PARTS KT O CT,762280,151904,401.8,2.94,"2026-05,2026-06,2026-07",17.285195054561868
TR->US,853710,CONTROLS ETC W ELECT APPR F ELECT CONT NOV 1000 V,39154407,21698515,80.4,2.23,"2026-05,2026-06,2026-07",16.895211219437943
TR->US,850431,"TRANSFORMERS NESOI, POWER HANDLING CAP NOV 1 KVA",150894,41481,263.8,3.19,"2026-05,2026-06,2026-07",16.539498242200924
TR->US,570490,"TEXTILE CARPETS, FELT, NOT TUFTED ETC. NESOI",103253,16137,539.9,3.24,"2026-05,2026-06,2026-07",16.234932694310764
TR->US,284443,"ALLOYS, DISPERSIONS,ISOTOPES & COMPOUNDS NES",992700,407220,143.8,2.7,"2026-05,2026-06,2026-07",16.169117182466024
TR->US,290960,"ALCOHOL PEROXIDE,ETHER PEROX,ACETAL&HEMIACETAL ETC",140769,29721,373.6,3.12,"2026-05,2026-06,2026-07",16.04700355716081
TR->US,392051,"PLATE ETC, NONCEL ETC, NO REIN, POLYMETH METHACRYL",410614,148568,176.4,2.85,"2026-05,2026-06,2026-07",16.022605588466632
TR->US,731021,CANS TO BE SOLDERED/CRIMPED CLOSED IR/ST UN 50 LTR,355718,211376,68.3,2.87,"2026-05,2026-06,2026-07",15.911937330226325
TR->US,760711,"ALUMINUM FOIL, NOV .2MM TH, NO BACK, ROLLED ONLY",10215771,5648053,80.9,2.25,"2026-05,2026-06,2026-07",15.776092890347565
TR->US,853590,ELECT APPR F PRTCT TO ELECT CIRCT >1000 V NESOI,193986,35236,450.5,2.93,"2026-05,2026-06,2026-07",15.494275032405389
TR->US,551130,YRN NT SWG TH MMF  STP FIB PT UP RT SL ART STP FIB,225851,72809,210.2,2.89,"2026-05,2026-06,2026-07",15.454056062306519
TR->US,630392,"CURTAIN & INTER BLINDS/BED VALANCES, NESOI SYN FIB",1645277,1319848,24.7,2.48,"2026-05,2026-06,2026-07",15.421076763345964
TR->US,551513,OTH WOV FAB SYN POLY STP FIB MIX M/S WL/FN ANML HR,2662207,1251042,112.8,2.4,"2026-05,2026-06,2026-07",15.420110367256223
TR->US,900580,MONOCULARS TELESCOPES ASTRONOMICAL INS AND MOUNTNG,256118,47844,435.3,2.84,"2026-05,2026-06,2026-07",15.361625019314456
TR->US,390729,"POLYETHERS, NESOI",705948,154658,356.5,2.62,"2026-05,2026-06,2026-07",15.347797226525014
TR->US,321519,"PRINTING INK, OTHER THAN BLACK",235699,52067,352.7,2.84,"2026-05,2026-06,2026-07",15.258929949654748
TR->US,560311,NONWOVENS OF MANMADE FILAMENTS WEIGHING < 25 G/M2,3534070,2340649,51.0,2.31,"2026-05,2026-06,2026-07",15.142679185484834
TR->US,901841,DENTAL DRILL ENGINES AND PARTS AND ACCESSORIES,169750,34802,387.8,2.89,"2026-05,2026-06,2026-07",15.093499430123915
TR->US,251741,"MARBLE GRANULES, CHIPPINGS AND POWDER",214721,108976,97.0,2.75,"2026-05,2026-06,2026-07",14.648315491813955
TR->US,330590,"PREPARATIONS FOR USE ON THE HAIR, NESOI",2154420,1399220,54.0,2.31,"2026-05,2026-06,2026-07",14.61753814409892
TR->US,251110,NATURAL BARIUM SULFATE (BARYTES),312958,87291,258.5,2.66,"2026-05,2026-06,2026-07",14.599393167126564
TR->US,830260,BASE METAL AUTOMATIC DOOR CLOSERS AND PARTS,115605,38573,199.7,2.85,"2026-05,2026-06,2026-07",14.451278409759915
TR->US,841480,"AIR/GAS PUMPS, COMPRESSORS AND FANS ETC, NESOI",1797359,1099883,63.4,2.3,"2026-05,2026-06,2026-07",14.400433302769564
TR->US,291814,CITRIC ACID,735620,380482,93.3,2.44,"2026-05,2026-06,2026-07",14.33271327249607
TR->US,870422,MTR VEH TRANS GDS COM-IG INT C P E GVW >5NOV20 MTN,179825,17984,899.9,2.71,"2026-05,2026-06,2026-07",14.258470918821176
TR->US,284690,"COMPOUNDS, INORGAN/ORGAN, RARE-EARTH METALS, NESOI",323144,63862,406.0,2.58,"2026-05,2026-06,2026-07",14.233062113532455
TR->US,610891,"W/G NEGLIGEES BATHROBES & SIMILAR ART COTTON, KNIT",628463,244304,157.2,2.42,"2026-05,2026-06,2026-07",14.026332140055436
TR->US,330300,PERFUMES AND TOILET WATERS,2622635,1720702,52.4,2.18,"2026-05,2026-06,2026-07",14.012879584063684
TR->US,382499,"PRODUCTS AND RESIDUALS OF CHEMICAL INDUSTRY, NESOI",1017545,453982,124.1,2.32,"2026-05,2026-06,2026-07",13.935917176584423
TR->US,510620,"YARN, CARDED WOOL, NOT RETAIL, UNDER 85% WT WOOL",212783,69330,206.9,2.61,"2026-05,2026-06,2026-07",13.923957969389093
TR->US,200981,"CRANBERRY JUICE, LINGONBERRY JUICE",396577,182627,117.2,2.48,"2026-05,2026-06,2026-07",13.907722544731119
TR->US,030449,"FISH FILLETS, FRESH OR CHILLED, NESOI",265413,98149,170.4,2.54,"2026-05,2026-06,2026-07",13.786045778879354
TR->US,721650,OTH ANGLS SHPS SEC IOS NA HOT-WKD,3203921,665942,381.1,2.12,"2026-05,2026-06,2026-07",13.767400456654803
TR->US,721610,U-I-H-SECTIONS IR/NAS HOT/WRKD LS THN 80MM HIGH,112192,19428,477.5,2.71,"2026-05,2026-06,2026-07",13.694254777414425
TR->US,890331,MOTORBOATS OF A LENGTH NOT EXCEEDING 7.5 M,446039,52401,751.2,2.41,"2026-05,2026-06,2026-07",13.635837657252797
TR->US,845011,WASHING MACH AUTOMATIC W DRY LINE CAP NOT OV 10KG,1394110,372133,274.6,2.21,"2026-05,2026-06,2026-07",13.603107931210431
TR->US,290542,PENTAERYTHRITOL,1703428,720685,136.4,2.16,"2026-05,2026-06,2026-07",13.437886501658287
TR->US,842139,FILTER/PURIFY MACHINE & APPARATUS FOR GASES NESOI,4473735,2959851,51.1,2.02,"2026-05,2026-06,2026-07",13.420886897181603
TR->US,854290,ELECTRONIC INTEGRATED CIRCUITS AND MCRSSMBLS PARTS,402982,51723,679.1,2.28,"2026-05,2026-06,2026-07",12.77929062013458
TR->US,760200,ALUMINUM WASTE AND SCRAP,2070066,746657,177.2,2.0,"2026-05,2026-06,2026-07",12.61681926725273
TR->US,392063,"PLATE ETC, NONCELL ETC, NO REIN, UNSAT POLYESTERS",310190,116002,167.4,2.29,"2026-05,2026-06,2026-07",12.599589219241315
TR->US,810830,TITANIUM WASTE AND SCRAP,166466,41636,299.8,2.41,"2026-05,2026-06,2026-07",12.569203815652788
TR->US,551219,WOV FAB >=85% SYNTH ST FB POLY STP FIBER OTHER,215283,124319,73.2,2.33,"2026-05,2026-06,2026-07",12.439607672495258
TR->US,621210,"BRASSIERES, KNIT OR CROCHETED OR NOT",302323,135146,123.7,2.26,"2026-05,2026-06,2026-07",12.388056894879274
TR->US,720916,"FL-CLD-RL IRN,ST,COIL,600MM WIDE,>1MM BUT <3MM THK",2333978,678473,244.0,1.94,"2026-05,2026-06,2026-07",12.378214726186247
TR->US,870840,GEAR BOXES FOR MOTOR VEHICLES,926689,519167,78.5,2.07,"2026-05,2026-06,2026-07",12.34771834553396
TR->US,481159,"PPR/PBRD COAT/IMPG/CVR W/ PLASTIC, NESOI",312253,139228,124.3,2.23,"2026-05,2026-06,2026-07",12.273019797357865
TR->US,590700,"TEXTL FABRC,COATD,ETC,THEATRCL SCENERY,BACK-CLOTHS",194968,81994,137.8,2.29,"2026-05,2026-06,2026-07",12.106656488617721
TR->US,392113,"PLATES, SHEETS ETC. NESOI, CELLULAR POLYURETHANES",328725,124270,164.5,2.19,"2026-05,2026-06,2026-07",12.0676744198209
TR->US,540233,SYN FIL YN EXSEW NO RT TX POLYESTER,797846,417594,91.1,2.04,"2026-05,2026-06,2026-07",12.050647094750644
TR->US,253090,MINERAL SUBSTANCES NESOI,147567,47072,213.5,2.3,"2026-05,2026-06,2026-07",11.8649169814156
TR->US,151219,"SUNFLOWER-SEED OR SAFFLOWER OIL, REFINE, FRACT ETC",3646257,1669402,118.4,1.8,"2026-05,2026-06,2026-07",11.816804444279438
TR->US,850422,LIQ DIELECT TRANSFRM PWR HND CAP >650 NOV 10T KVA,13324482,6542232,103.7,1.64,"2026-05,2026-06,2026-07",11.683033688185565
TR->US,845530,ROLLS FOR METAL-ROLLING MILLS,1119995,525844,113.0,1.91,"2026-05,2026-06,2026-07",11.534346071502961
TR->US,560314,"NONWOVENS, OF MMF WEIGHING > 150 G/M2",491311,249462,96.9,2.0,"2026-05,2026-06,2026-07",11.37302007849626
TR->US,121190,PLANTS & PARTS ETC FOR MEDICAMENTS ETC NESOI,1848990,847577,118.2,1.81,"2026-05,2026-06,2026-07",11.331600249987135
TR->US,870193,TRACTORS EXCEEDING 37 KW BUT NOT EXCEEDING 75 KW,16094507,9646058,66.9,1.56,"2026-05,2026-06,2026-07",11.250583469720825
TR->US,392020,"PLATES, SHEETS ETC, NON-CELL ETC, POLYMR PROPYLENE",3723915,2429418,53.3,1.67,"2026-05,2026-06,2026-07",10.965188738008296
TR->US,630491,OTH FURN ART EXC HEADING 9404 NESOI KNIT/CROCHETED,131896,35352,273.1,2.12,"2026-05,2026-06,2026-07",10.865096570377961
TR->US,850152,"AC MOTORS,MULTI-PHASE;OUTPUT > 750W NOT OVER 75 KW",217356,98125,121.5,2.03,"2026-05,2026-06,2026-07",10.854683238297376
TR->US,850440,STATIC CONVERTERS; ADP POWER SUPPLIES,805506,396082,103.4,1.84,"2026-05,2026-06,2026-07",10.854580929925758
TR->US,340242,NON-IONIC ORGANIC SURFACE-ACTIVE AGENTS,375525,170938,119.7,1.94,"2026-05,2026-06,2026-07",10.816051743038953
TR->US,970539,"COLLECTIONS OF NUMISMATIC INTEREST, NESOI",170384,48508,251.2,2.07,"2026-05,2026-06,2026-07",10.815238286671365
TR->US,720241,FERROCHROMIUM OVER 4 PERCENT CARBON,2318801,489214,374.0,1.69,"2026-05,2026-06,2026-07",10.750228831230515
TR->US,845020,WASHING MACHINES WITH DRY LINEN CAPACITY OV 10 KG,596026,264927,125.0,1.86,"2026-05,2026-06,2026-07",10.715717409749566
TR->US,841939,"DRYERS, NESOI",1773547,999309,77.5,1.71,"2026-05,2026-06,2026-07",10.715107656790583
TR->US,721621,L SEC IOS NA HOT-WKD LSS TH 80MM HIGH,391219,206335,89.6,1.9,"2026-05,2026-06,2026-07",10.640350637434711
TR->US,520710,COTTON YARN (N SWG THD) RETAIL SALE 85% OR > WT CO,1043843,641883,62.6,1.76,"2026-05,2026-06,2026-07",10.618942095568476
TR->US,160416,"ANCHOVIES, PREPARED OR PRESERVED, NOT MINCED",151350,45146,235.2,2.04,"2026-05,2026-06,2026-07",10.57244062053687
TR->US,392590,"BUILDERS' WARE OF PLASTICS, NESOI",803991,446625,80.0,1.75,"2026-05,2026-06,2026-07",10.331678360595184
TR->US,640110,WATERPROOF FOOTWEAR RUBBER/PLASTIC A METAL TOE-CAP,149616,54448,174.8,1.98,"2026-05,2026-06,2026-07",10.261764592803534
TR->US,390950,"POLYURETHANES, IN PRIMARY FORMS",730747,392864,86.0,1.72,"2026-05,2026-06,2026-07",10.058689637926841
TR->US,854231,"PROCESSORS AND CONTROLLERS, ELECTRONIC INTEG CIRCT",642960,221294,190.5,1.72,"2026-05,2026-06,2026-07",9.96255597640495
TR->US,800110,"TIN, UNWROUGHT, NOT ALLOYED",658192,291306,125.9,1.69,"2026-05,2026-06,2026-07",9.849921679875878
TR->US,480519,"FLUTING PPR,UNCT,ROL/SH,NT FRT WK CH48-NOTE3,NESOI",651064,238740,172.7,1.69,"2026-05,2026-06,2026-07",9.817828112635553
TR->US,220421,"WINE, FR GRAPE NESOI & GR MUST W ALC, NOV 2 LITERS",145511,57910,151.3,1.88,"2026-05,2026-06,2026-07",9.699397105210549
TR->US,540490,SYNTHETIC STRIP WIDTH NOT > 5MM,1053393,609893,72.7,1.58,"2026-05,2026-06,2026-07",9.543774470680399
TR->US,320417,PIGMENTS & PREPARATIONS BASED THEREON,115303,39874,189.2,1.88,"2026-05,2026-06,2026-07",9.534956753388876
TR->US,210410,SOUPS AND BROTHS AND PREPARATIONS THEREFOR,313798,109914,185.5,1.73,"2026-05,2026-06,2026-07",9.512860102338115
TR->US,721499,"BARS,RODS,IRN,NOAL,HOT-ROLLED,-DRAWN-EXTRUDE,NESOI",160947,79011,103.7,1.8,"2026-05,2026-06,2026-07",9.353822056594725
TR->US,940389,"FURNITURE, NESOI",259849,128926,101.5,1.71,"2026-05,2026-06,2026-07",9.281614731994804
TR->US,890332,MOTORBOATS OF A LENGTH 7.5 M - 24 M,1250000,336161,271.8,1.51,"2026-05,2026-06,2026-07",9.20680343070247
TR->US,392092,"PLATES ETC, NONCELL ETC, NO REIN, POLYAMIDES",120235,40361,197.9,1.79,"2026-05,2026-06,2026-07",9.106132436871446
TR->US,980200,"IMPORTS OF ARTICLES EXPORTED & RETURNED, ADVANCED",452303,286843,57.7,1.6,"2026-05,2026-06,2026-07",9.050495428061586
TR->US,841340,CONCRETE PUMPS,4517731,2259791,99.9,1.36,"2026-05,2026-06,2026-07",9.048498621042011
TR->US,284020,"BORATES, NESOI",366564,175056,109.4,1.6,"2026-05,2026-06,2026-07",8.900812963052546
TR->US,330210,MIXTURES ODORIFEROUS SUBSTANCE USE FOOD/ DRINK IND,167397,62586,167.5,1.69,"2026-05,2026-06,2026-07",8.832262678891333
TR->US,841231,"PNEUMATIC POWER ENGINES AND MOTORS, LINEAR ACTING",301538,122648,145.9,1.6,"2026-05,2026-06,2026-07",8.762415033445912
TR->US,846211,"CLOSED DIE FORGING MACHINES, HOT FORMING",131667,23806,453.1,1.7,"2026-05,2026-06,2026-07",8.727832660301202
TR->US,320730,LIQUID LUSTRES AND SIMILAR PREPARATIONS,2509540,1017844,146.6,1.36,"2026-05,2026-06,2026-07",8.686208421775929
TR->US,730300,"TUBES, PIPES AND HOLLOW PROFILES OF CAST IRON",661274,279770,136.4,1.49,"2026-05,2026-06,2026-07",8.656819895455923
TR->US,721622,T SEC IOS NA HOT-WKD LSS TH 80MM HIGH,120387,44396,171.2,1.7,"2026-05,2026-06,2026-07",8.643470260492824
TR->US,520523,COT YRN N SWG THD > 85% WT COT SNG YR CM >43NM <52,117764,25622,359.6,1.7,"2026-05,2026-06,2026-07",8.636728189952574
TR->US,560394,"NONWOVENS,NOT MANMADE FILAMENT,WEIGHING > 150G/M2",449300,268883,67.1,1.53,"2026-05,2026-06,2026-07",8.627289859447673
TR->US,580300,"GAUZE, OTHER THAN NARROW FABRICS OF HEADING 5806",178296,100440,77.5,1.64,"2026-05,2026-06,2026-07",8.626933026254253
TR->US,630210,"BED LINEN, KNITTED OR CROCHETED",141025,65177,116.4,1.67,"2026-05,2026-06,2026-07",8.578164158327608
TR->US,940599,"PARTS FOR LAMPS AND LIGHTING FITTINGS, NESOI",175638,112784,55.7,1.63,"2026-05,2026-06,2026-07",8.535505460503408
TR->US,730890,STRUCTURES AND PARTS NESOI OF IRON OR STEEL,10785586,5435026,98.4,1.21,"2026-05,2026-06,2026-07",8.520077546456625
TR->US,846233,NUM CTRL SHEARING MACHINES FOR FLAT METAL PRODUCTS,208421,90475,130.4,1.6,"2026-05,2026-06,2026-07",8.504730912949826
TR->US,970690,ANTIQUES OF AN AGE 100 YEARS TO 250 YEARS,191896,101685,88.7,1.61,"2026-05,2026-06,2026-07",8.494457615362835
TR->US,630251,"TABLE LINEN OF COTTON, NOT KNITTED OR CROCHETED",344055,181970,89.1,1.51,"2026-05,2026-06,2026-07",8.386893307040946
TR->US,731822,"WASHERS OTHER THAN LOCK WASHERS, IRON OR STEEL",105553,48160,119.2,1.67,"2026-05,2026-06,2026-07",8.381339579053945
TR->US,730900,"TANKS ETC, OVER 300 LITER CAPACITY, IRON OR STEEL",123762,36487,239.2,1.64,"2026-05,2026-06,2026-07",8.376389394337798
TR->US,340590,"POLISHES AND CREAMS ETC, NESOI",122280,79377,54.0,1.63,"2026-05,2026-06,2026-07",8.26928856931869
TR->US,150930,VIRGIN OLIVE OIL OF CHAPTER 15 NOTE 1,230845,114949,100.8,1.51,"2026-05,2026-06,2026-07",8.099273021386717
TR->US,481890,BED SHEETS & SIMLR HOUSEHLD/HOSPITAL ART PPR NESOI,352531,204729,72.2,1.45,"2026-05,2026-06,2026-07",8.023131134619916
TR->US,150990,"OLIVE OIL/FRACTIONS, REFINED BUT NOT CHEM MODIFIED",3448373,1508077,128.7,1.23,"2026-05,2026-06,2026-07",8.021606858518187
TR->US,840690,PARTS FOR STEAM AND OTHER VAPOR TURBINES,125031,53886,132.0,1.56,"2026-05,2026-06,2026-07",7.969288277530113
TR->US,441233,"PLYWD/ETC,NES,GT-1 OUT PLY  NONCNF SPECES IN SUBHD",428967,234809,82.7,1.41,"2026-05,2026-06,2026-07",7.966204195648256
TR->US,051199,"DEAD HORSES, SWINE ETC (INEDIBLE) & PRODUCTS NESOI",224302,116784,92.1,1.48,"2026-05,2026-06,2026-07",7.914066485520398
TR->US,281000,OXIDES OF BORON; BORIC ACIDS,4862157,2859250,70.1,1.18,"2026-05,2026-06,2026-07",7.907828481668503
TR->US,180632,"CHOCOLATE & OTHR COCOA PREPS, NOT BULK, NOT FILLED",1949936,1230642,58.4,1.25,"2026-05,2026-06,2026-07",7.879258128397415
TR->US,340490,"ARTIFICIAL WAXES AND PREPARED WAXES, NESOI",142665,53510,166.6,1.53,"2026-05,2026-06,2026-07",7.868924228588753
TR->US,630619,"TARPAULINS, AWNINGS & SUNBLINDS: OF OTH TEX MAT",217421,108987,99.5,1.47,"2026-05,2026-06,2026-07",7.855637516818119
TR->US,848790,"MACHINERY PARTS, NON-ELECTRIC, NESOI",230791,115241,100.3,1.45,"2026-05,2026-06,2026-07",7.757312640403476
TR->US,870194,TRACTORS EXCEEDING 75 KW BUT NOT EXCEEDING 130 KW,6749057,3812027,77.0,1.13,"2026-05,2026-06,2026-07",7.738095348929843
TR->US,841459,"FANS, NESOI",1219520,799180,52.6,1.27,"2026-05,2026-06,2026-07",7.699482810966193
TR->US,551011,YRN N SWG TH ART ST FB N RT SL >=85% ART S FB SN Y,167851,54869,205.9,1.47,"2026-05,2026-06,2026-07",7.688234267900975
TR->US,511230,WOV FAB COMB MIXED MM STAPLE FIB WOOL/ANIMAL HAIR,231113,138408,67.0,1.42,"2026-05,2026-06,2026-07",7.612820061310312
TR->US,841690,PARTS OF FURNACE BURNERS,263240,90487,190.9,1.4,"2026-05,2026-06,2026-07",7.595957060011905
TR->US,730723,STAINLESS STEEL TUBE OR PIPE BUTT WELDING FITTINGS,1971924,1283079,53.7,1.21,"2026-05,2026-06,2026-07",7.591697202730575
TR->US,853649,RELAYS FOR VOLTAGE OVER 60V MORE BUT NT OVER 1000V,168165,80867,108.0,1.44,"2026-05,2026-06,2026-07",7.5359951924925035
TR->US,870822,"WINDSHIELDS, REAR AND OTHER WINDOWS CH 87 SUBHN 1",2945793,1565156,88.2,1.15,"2026-05,2026-06,2026-07",7.44793245179785
TR->US,590320,"TEXTILE FABRICS, IMPREGN ETC NESOI, POLYURETHANE",271805,155886,74.4,1.36,"2026-05,2026-06,2026-07",7.396686597889604
TR->US,071030,SPINACH RAW/COOKED BY STEAMING/BOILING IN WATER FZ,132296,65165,103.0,1.43,"2026-05,2026-06,2026-07",7.312094654727733
TR->US,570292,"TEXTILE CARPETS, WOV NO PILE, MMF, MADE UP",1043803,671740,55.4,1.18,"2026-05,2026-06,2026-07",7.130563682811506
TR->US,830629,"STATUETTES A OTH ORNMNTS A PRTS, BS METL NT PM PLT",140613,69978,100.9,1.37,"2026-05,2026-06,2026-07",7.047198574493713
TR->US,846224,NUMERICAL CONTROL PANEL BENDER FOR FLAT METAL PROD,157280,54085,190.8,1.36,"2026-05,2026-06,2026-07",7.043645928543664
TR->US,580632,"NARROW WOVEN FABRICS, NESOI, OF MANMADE FIBERS",308817,199363,54.9,1.27,"2026-05,2026-06,2026-07",6.992175900070783
TR->US,590310,"TEXTILE FABRICS, IMPREGNATED ETC NESOI WITH PVC",266062,159915,66.4,1.29,"2026-05,2026-06,2026-07",6.9740728567885295
TR->US,810430,"MAGNSM RSPGS, TRNGS A GRNLS, GRD TO SZ; PWDRS",207426,106315,95.1,1.31,"2026-05,2026-06,2026-07",6.967677873064334
TR->US,970531,"COLLECTIONS OF NUMISMATIC INTEREST, OVER 100 YRS",1771217,1132737,56.4,1.09,"2026-05,2026-06,2026-07",6.81922748780042
TR->US,440729,"OTHER TROPICAL WOOD,WOOD SAWN/CHIPPED LNGTHWSE ETC",278354,83124,234.9,1.25,"2026-05,2026-06,2026-07",6.816934450326801
TR->US,842870,INDUSTRIAL ROBOTS,166667,54982,203.1,1.26,"2026-05,2026-06,2026-07",6.580124995839552
TR->US,681381,"BRAKE LININGS A PADS, NT ASBESTOS, OTH MINRLS, CEL",193658,71915,169.3,1.23,"2026-05,2026-06,2026-07",6.519350909643883
TR->US,620791,"MEN'S OR BOYS' SINGLETS ETC, NOT KNIT, OF COTTON",425949,261210,63.1,1.15,"2026-05,2026-06,2026-07",6.483099649043413
TR->US,621220,"GIRDLES & PANTY GIRDLES, KNIT OR CROCHETED OR NOT",257429,76966,234.5,1.17,"2026-05,2026-06,2026-07",6.335507365236352
TR->US,870210,MV TRNSP >TEN PRSNS COM-IGNTN INTR COMB PIST(DISL),15439876,10236096,50.8,0.86,"2026-05,2026-06,2026-07",6.213208704484313
TR->US,850131,DC MOTORS & GENERATORS W OUTPUT N OV 750 W,422038,274902,53.5,1.09,"2026-05,2026-06,2026-07",6.145440617136725
TR->US,930599,"PARTS & ACCES. OF ARTIC. OF HED 9303-9304, NESOI",208092,135836,53.2,1.14,"2026-05,2026-06,2026-07",6.072124414435534
TR->US,854790,"INSLT FIT EX CERAM/PLAS;ELEC COND TB/JNT,BMTL ETC",189846,100534,88.8,1.15,"2026-05,2026-06,2026-07",6.04584144583923
TR->US,730511,"PIPE, OIL LINE ETC OV16IN IR ST, LONG SUB ARC WELD",8595093,4659536,84.5,0.86,"2026-05,2026-06,2026-07",5.966253270374614
TR->US,391290,"CELLULOSE & ITS CHEMICAL DERIV, NESOI, PRIMARY FMS",390675,215542,81.3,1.06,"2026-05,2026-06,2026-07",5.947085907800423
TR->US,240110,"TOBACCO, NOT STEMMED/STRIPPED",9529388,5890426,61.8,0.85,"2026-05,2026-06,2026-07",5.9346751885517905
TR->US,490890,"TRANSFERS (DECALOMANIAS), NESOI",167850,73235,129.2,1.13,"2026-05,2026-06,2026-07",5.916722787181174
TR->US,841520,AUTOMOTIVE AIR CONDITIONERS,235024,115240,103.9,1.09,"2026-05,2026-06,2026-07",5.830824578479172
TR->US,871420,PARTS & ACCSRIES OF CARRIAGES FOR DISABLES PERSONS,659362,309174,113.3,0.99,"2026-05,2026-06,2026-07",5.74229603656903
TR->US,610120,"M/B OVERCOATS CARCOATS & SIMILAR ART COTTON, KNIT",174002,105329,65.2,1.08,"2026-05,2026-06,2026-07",5.671673930502128
TR->US,843820,"MACH FOR THE MANUF OF CONFECTIONERY, COCOA OR CHOC",878109,315991,177.9,0.94,"2026-05,2026-06,2026-07",5.586124710950396
TR->US,854411,INSULATED WINDING WIRE OF COPPER,258604,147584,75.2,1.03,"2026-05,2026-06,2026-07",5.5642979266268355
TR->US,846591,SAW MACH FOR WORK WOOD CORK BONE HARD RUBBER ETC,157355,81008,94.2,1.06,"2026-05,2026-06,2026-07",5.505568203933197
TR->US,090230,"BLACK TEA FERMTD & PARTLY FERMTD TEA,PACKG NOV 3KG",241369,140498,71.8,1.01,"2026-05,2026-06,2026-07",5.444313044627896
TR->US,420211,TRUNKS SUITCASES ETC SURFACE OF LEATHER/COMPOSITN,193021,107923,78.9,1.02,"2026-05,2026-06,2026-07",5.3942369067866895
TR->US,853120,INDICATOR PANELS INCORPORATING LCD'S OR LED'S,322783,207809,55.3,0.97,"2026-05,2026-06,2026-07",5.366297982340594
TR->US,940561,"LED ILLUMINATED SIGNS, NAME-PLATES ETC",107967,51478,109.7,1.05,"2026-05,2026-06,2026-07",5.2655808655857035
TR->US,640391,"FOOTWEAR, OUT SOLE RUB ETC & UP LEA NESOI, ANK COV",383496,178449,114.9,0.94,"2026-05,2026-06,2026-07",5.237209990135267
TR->US,690723,"CERAMIC FLAGS/PAVING/ETC,H20 ABS COEF EXCEDING 10%",258768,167226,54.7,0.95,"2026-05,2026-06,2026-07",5.135059887616915
TR->US,160420,"FISH, PREPARED OR PRESERVED, NESOI",358077,211080,69.6,0.92,"2026-05,2026-06,2026-07",5.0953742238675
TR->US,850423,LIQ DIELECT TRANSFRM POWER HAND CAP > 10T KVA,19727055,12307808,60.3,0.69,"2026-05,2026-06,2026-07",5.062019440014313
TR->US,854419,"INSULATED WINDING WIRE, NESOI",590413,392405,50.5,0.88,"2026-05,2026-06,2026-07",5.05111246474227
TR->US,842720,"SELF-PROPELLED WORKS TRUCKS AND FORKLIFTS, NESOI",239943,85186,181.7,0.93,"2026-05,2026-06,2026-07",4.989189694475369
TR->US,845121,DRYING MACHINES WITH DRY LINEN CAPACITY N OV 10KG,697152,344471,102.4,0.84,"2026-05,2026-06,2026-07",4.909602225896015
TR->US,854239,"ELECTRONIC INTEGRATED CIRCUITS, NESOI",293884,195095,50.6,0.88,"2026-05,2026-06,2026-07",4.835045804792566
TR->US,100590,"CORN (MAIZE), OTHER THAN SEED CORN",6089590,3335963,82.5,0.71,"2026-05,2026-06,2026-07",4.788552391116746
TR->US,400129,NATURAL RUBBER IN PRIMARY FORMS ETC. NESOI,1234698,662217,86.4,0.78,"2026-05,2026-06,2026-07",4.767705636748815
TR->US,480525,"TESTLINER,UNCT,RL/ST,WT>150G/M2,NT FT WK CH48-NTE3",149620,83784,78.6,0.92,"2026-05,2026-06,2026-07",4.739596894278968
TR->US,081320,"PRUNES, DRIED",136827,85450,60.1,0.92,"2026-05,2026-06,2026-07",4.732361050804469
TR->US,210210,"YEASTS, ACTIVE",157736,91725,72.0,0.91,"2026-05,2026-06,2026-07",4.708846880784577
TR->US,821220,SAFETY RAZOR BLADES AND BLADE BLANKS IN STRIPS,136680,84022,62.7,0.91,"2026-05,2026-06,2026-07",4.671403074930895
TR->US,940391,WOODEN PARTS OF OTHER FURNITURE,223681,142354,57.1,0.86,"2026-05,2026-06,2026-07",4.597018881218973
TR->US,852610,RADAR APPARATUS,2174225,1352569,60.7,0.72,"2026-05,2026-06,2026-07",4.564681861951032
TR->US,720836,"FLT-HOT-ROLL IRN,NONALY STL,COIL,>10MM THICK,NESOI",1150705,512302,124.6,0.74,"2026-05,2026-06,2026-07",4.506684873766174
TR->US,293911,"CONC. OF POPPY STRAW,CODEINE&OTR SPECIF OPIUM ALKO",355833,190396,86.9,0.78,"2026-05,2026-06,2026-07",4.331497899762521
TR->US,293690,"VITAMINS, INCLD NATURAL CONCENTRATES ETC NESOI",159111,83355,90.9,0.83,"2026-05,2026-06,2026-07",4.329443517366306
TR->US,843890,"PARTS OF MACH OF CH 84, NESOI,IND PREP FOOD,DRINK",109481,71819,52.4,0.86,"2026-05,2026-06,2026-07",4.327953299640319
TR->US,890333,MOTORBOATS OF A LENGTH EXCEEDING 24 M,498638,190314,162.0,0.75,"2026-05,2026-06,2026-07",4.299393760136177
TR->US,731600,"ANCHORS, GRAPNELS AND PARTS THEREOF, OF IRON/STEEL",103625,30557,239.1,0.85,"2026-05,2026-06,2026-07",4.283986622229214
TR->US,732190,"PARTS OF NONELEC DOMEST COOKING APPL, IRON & STEEL",103033,60538,70.2,0.85,"2026-05,2026-06,2026-07",4.275088817269936
TR->US,320740,"GLASS FRIT & OTH GLASS, IN FORM OF POWDER/FLAKES",263685,130702,101.7,0.79,"2026-05,2026-06,2026-07",4.263435952104416
TR->US,711890,"COIN, NESOI",880400,403462,118.2,0.7,"2026-05,2026-06,2026-07",4.133480952999914
TR->US,520541,COT YRN N SWG THD >85% WT CT ML/CB YR CM N > 14NM,102890,68534,50.1,0.82,"2026-05,2026-06,2026-07",4.126709142134751
TR->US,854190,"PARTS FOR DIODES, TRANSISTORS & SMLR SEMICONDUCTRS",1042868,667147,56.3,0.68,"2026-05,2026-06,2026-07",4.089758198899572
TR->US,981000,"IMPORTS OF RELIGIOUS, EDUCATION, SCIENT ETC INST",104990,49035,114.1,0.79,"2026-05,2026-06,2026-07",3.9627915259411113
TR->US,611011,"SWEATERS & SIMIL. ARTICLES, KNIT/CROCHET OF WOOL",949277,582511,63.0,0.66,"2026-05,2026-06,2026-07",3.962276330131397
TR->US,820770,"TOOLS FOR MILLING, AND PARTS, BASE METAL",151309,96008,57.6,0.75,"2026-05,2026-06,2026-07",3.8937699776136254
TR->US,120400,"FLAXSEED (LINSEED), WHETHER OR NOT BROKEN",240423,139866,71.9,0.72,"2026-05,2026-06,2026-07",3.8832487944426393
TR->US,852852,OTHER MONITORS CAPABLE OF DIRECT CONNECT TO ADP,248595,151051,64.6,0.7,"2026-05,2026-06,2026-07",3.8000981959315174
TR->US,870240,VEHICLE TRSPT 10 OR MORE WITH ONLY ELECTRIC MOTOR,848897,403190,110.5,0.64,"2026-05,2026-06,2026-07",3.765863036166854
TR->US,854143,PHOTOVOLTAIC CELLS IN MODULES OR PANELS,1279541,772485,65.6,0.61,"2026-05,2026-06,2026-07",3.743360268757993
TR->US,852910,ANTENNAS AND ANTENNA REFLECTORS AND PARTS,258672,128156,101.8,0.67,"2026-05,2026-06,2026-07",3.6103507376615114
TR->US,721491,"BARS,RODS,HOT-ROLLED,-DRAWN,-EXT,RECTANGULAR,NESOI",268016,176606,51.8,0.64,"2026-05,2026-06,2026-07",3.4900659383547064
TR->US,731439,OTH GRLL NTTNG A FNCNG WLDD AT INTRSCT IOS NT GLVN,227390,100939,125.3,0.65,"2026-05,2026-06,2026-07",3.4748290858835316
TR->US,220299,"NONALCOHOLIC BEVERAGES, NESOI",252036,158773,58.7,0.64,"2026-05,2026-06,2026-07",3.4603604386079825
TR->US,890319,"INFLATABLE BOATS INCLUDING RIGID HULL, NESOI",111707,47713,134.1,0.68,"2026-05,2026-06,2026-07",3.4437639704336473
TR->US,480524,"TESTLINER,UNCT,RL/ST,WT<150G/M2,NT FT WK CH48-NTE3",132268,82875,59.6,0.67,"2026-05,2026-06,2026-07",3.4261840969408333
TR->US,080222,"HAZELNUTS OR FILBERTS, FRESH OR DRIED, SHELLED",596832,360754,65.4,0.59,"2026-05,2026-06,2026-07",3.4177000496586185
TR->US,701980,GLASS WOOL AND ARTICLES OF GLASS WOOL,334890,203159,64.8,0.6,"2026-05,2026-06,2026-07",3.3290200053286965
TR->US,252910,FELDSPAR,344568,216600,59.1,0.6,"2026-05,2026-06,2026-07",3.3121229055375587
TR->US,740729,"BARS RODS PROFILES OF OTHER COPPER ALLOYS, NESOI",190387,109897,73.2,0.62,"2026-05,2026-06,2026-07",3.2511454731115568
TR->US,130232,"MUCILAGES/THICKNRS FRM LOCUST BEAN/SEED, GUAR SEED",302600,163400,85.2,0.58,"2026-05,2026-06,2026-07",3.1566664705149177
TR->US,853180,ELECTRIC SOUND OR VISUAL SIGNALING APPARATUS NESOI,183475,121753,50.7,0.55,"2026-05,2026-06,2026-07",2.8905986612272105
TR->US,980800,IMPORTATIONS OF THE UNITED STATES GOVERNMENT,640467,347277,84.4,0.42,"2026-05,2026-06,2026-07",2.423533786532229
TR->US,151800,"ANML,VEG,MICROBIAL FAT OIL&FRACTION,CHEM MOD NESOI",193093,97295,98.5,0.44,"2026-05,2026-06,2026-07",2.3042552250808876
TR->US,284990,"CARBIDES, NESOI, CHEMICALLY DEFINED OR NOT",100160,60070,66.7,0.42,"2026-05,2026-06,2026-07",2.1008952648076327
TR->US,610839,W/G NIGHTDRESSES & PAJAMAS OF TEXTILE MAT NESOI KT,131610,81113,62.3,0.38,"2026-05,2026-06,2026-07",1.938278349010616
US->BR,845730,,1451557,0,NEW,,"2026-06,2026-07,2026-08",61612.17811325757
US->BR,160419,,399078,0,NEW,,"2026-06,2026-07,2026-08",56004.98043995589
US->BR,845961,,132710,0,NEW,,"2026-06,2026-07,2026-08",51223.90268080258
US->BR,842952,,105600,0,NEW,,"2026-06,2026-07,2026-08",50231.615518059734
US->BR,844313,,1875152,1577,118793.7,358.18,"2026-06,2026-07,2026-08",313.6518277322204
US->BR,280700,,1054152,7152,14639.4,126.35,"2026-06,2026-07,2026-08",301.14516185320844
US->BR,290241,,514289,61,846466.3,2665.69,"2026-06,2026-07,2026-08",285.56036177016784
US->BR,284030,,273790,63,436798.4,1317.0,"2026-06,2026-07,2026-08",271.87085265112347
US->BR,570331,,240885,92,261258.0,1321.76,"2026-06,2026-07,2026-08",269.09048785793874
US->BR,630629,,200022,244,81932.1,247.03,"2026-06,2026-07,2026-08",265.0538520842287
US->BR,481960,,173570,80,215962.2,1597.75,"2026-06,2026-07,2026-08",261.97373317325923
US->BR,292212,,133331,560,23691.4,129.65,"2026-06,2026-07,2026-08",256.24655681941823
US->BR,960500,,115961,154,75239.9,495.42,"2026-06,2026-07,2026-08",253.21553517410243
US->BR,847720,,689030,7157,9527.8,39.49,"2026-06,2026-07,2026-08",230.5683928612112
US->BR,470710,,150932,1084,13817.2,41.66,"2026-06,2026-07,2026-08",215.74966482243582
US->BR,292211,,273517,3478,7765.0,36.65,"2026-06,2026-07,2026-08",199.23980594025903
US->BR,842810,,182019,2691,6664.0,28.82,"2026-06,2026-07,2026-08",151.6077449192088
US->BR,854330,,2162911,98847,2088.1,21.71,"2026-06,2026-07,2026-08",137.5167163120251
US->BR,310210,,4544531,136876,3220.2,18.92,"2026-06,2026-07,2026-08",125.96200283214489
US->BR,310540,,26062612,785513,3217.9,13.75,"2026-06,2026-07,2026-08",101.94103892069518
US->BR,360490,,141165,4558,2997.2,17.15,"2026-06,2026-07,2026-08",88.29532447058651
US->BR,051199,,417476,30469,1270.2,13.45,"2026-06,2026-07,2026-08",75.5825649366713
US->BR,847149,,100717464,21492531,368.6,8.99,"2026-06,2026-07,2026-08",71.95588070018002
US->BR,900110,,1928988,238790,707.8,11.07,"2026-06,2026-07,2026-08",69.60795129655001
US->BR,842129,,9221347,3540281,160.5,8.46,"2026-06,2026-07,2026-08",58.91495902605451
US->BR,903020,,131394,10100,1201.0,11.02,"2026-06,2026-07,2026-08",56.381246476969174
US->BR,310590,,1518429,297298,410.7,9.05,"2026-06,2026-07,2026-08",55.95356804301834
US->BR,310560,,377457,21788,1632.4,10.0,"2026-06,2026-07,2026-08",55.770314851979386
US->BR,820730,,1912292,424181,350.8,8.43,"2026-06,2026-07,2026-08",52.95482498771868
US->BR,846620,,665919,78030,753.4,8.46,"2026-06,2026-07,2026-08",49.28061975605603
US->BR,910400,,161204,13182,1122.9,9.09,"2026-06,2026-07,2026-08",47.31074493451807
US->BR,120930,,101278,5621,1701.7,8.21,"2026-06,2026-07,2026-08",41.09159540605046
US->BR,700721,,237489,96920,145.0,6.74,"2026-06,2026-07,2026-08",36.219416923736155
US->BR,711021,,20193527,3801413,431.2,4.89,"2026-06,2026-07,2026-08",35.74167719758032
US->BR,300259,,1243506,79140,1471.3,5.63,"2026-06,2026-07,2026-08",34.29998885369036
US->BR,846262,,2683229,154589,1635.7,5.01,"2026-06,2026-07,2026-08",32.209196654052114
US->BR,401693,,9349401,6991060,33.7,4.57,"2026-06,2026-07,2026-08",31.872053982883415
US->BR,851714,,1845750,527116,250.2,4.93,"2026-06,2026-07,2026-08",30.86258067292493
US->BR,680530,,1096178,562010,95.0,4.99,"2026-06,2026-07,2026-08",30.146926832422526
US->BR,840219,,110392,7811,1313.3,5.68,"2026-06,2026-07,2026-08",28.661910137559524
US->BR,250300,,57294268,15289338,274.7,3.47,"2026-06,2026-07,2026-08",26.937198501556484
US->BR,271019,,808254436,366885460,120.3,2.96,"2026-06,2026-07,2026-08",26.3541467524793
US->BR,930690,,623773,70842,780.5,4.52,"2026-06,2026-07,2026-08",26.216729223356474
US->BR,300251,,407650,40348,910.3,4.32,"2026-06,2026-07,2026-08",24.239011565249314
US->BR,854620,,429724,123148,248.9,4.27,"2026-06,2026-07,2026-08",24.06817589261781
US->BR,291614,,1352455,708856,90.8,3.91,"2026-06,2026-07,2026-08",23.96427447291336
US->BR,853120,,918546,400341,129.4,3.92,"2026-06,2026-07,2026-08",23.397666707940896
US->BR,290511,,43201189,13659720,216.3,3.05,"2026-06,2026-07,2026-08",23.306022199358257
US->BR,901210,,477006,41864,1039.4,4.01,"2026-06,2026-07,2026-08",22.74291186533579
US->BR,280430,,153418,48649,215.4,4.3,"2026-06,2026-07,2026-08",22.287776987049984
US->BR,370130,,3495967,1808485,93.3,3.36,"2026-06,2026-07,2026-08",21.991632673268604
US->BR,902221,,466834,34106,1268.8,3.83,"2026-06,2026-07,2026-08",21.68724979415606
US->BR,841620,,351256,97278,261.1,3.88,"2026-06,2026-07,2026-08",21.512348828519162
US->BR,320611,,10723034,3537732,203.1,3.03,"2026-06,2026-07,2026-08",21.311384558675936
US->BR,400259,,187557,62679,199.2,4.02,"2026-06,2026-07,2026-08",21.215274713863472
US->BR,731822,,1740029,1178365,47.7,3.34,"2026-06,2026-07,2026-08",20.8353723306683
US->BR,392310,,543544,264782,105.3,3.61,"2026-06,2026-07,2026-08",20.70614545936768
US->BR,170290,,202339,65066,211.0,3.88,"2026-06,2026-07,2026-08",20.562268128060158
US->BR,960321,,139583,42807,226.1,3.98,"2026-06,2026-07,2026-08",20.46019978204767
US->BR,890690,,132081,10272,1185.9,3.97,"2026-06,2026-07,2026-08",20.305918691388303
US->BR,903120,,1208913,286566,321.9,3.32,"2026-06,2026-07,2026-08",20.17128924303153
US->BR,382219,,29953736,20991322,42.7,2.67,"2026-06,2026-07,2026-08",19.940148667625188
US->BR,300693,,5121518,515721,893.1,2.97,"2026-06,2026-07,2026-08",19.903547819565524
US->BR,380290,,1143849,541078,111.4,3.25,"2026-06,2026-07,2026-08",19.717010857643015
US->BR,853641,,739317,463663,59.5,3.33,"2026-06,2026-07,2026-08",19.555917018973723
US->BR,291260,,341484,135722,151.6,3.52,"2026-06,2026-07,2026-08",19.470762993824177
US->BR,440122,,164417,54626,201.0,3.73,"2026-06,2026-07,2026-08",19.436675875014316
US->BR,290517,,368642,79896,361.4,3.46,"2026-06,2026-07,2026-08",19.267859804194707
US->BR,420500,,137782,30957,345.1,3.68,"2026-06,2026-07,2026-08",18.89530964394409
US->BR,870830,,2335088,1438002,62.4,2.97,"2026-06,2026-07,2026-08",18.89312608905281
US->BR,441231,,246122,90823,171.0,3.47,"2026-06,2026-07,2026-08",18.731471200830224
US->BR,902110,,4108190,2962742,38.7,2.82,"2026-06,2026-07,2026-08",18.625132445318506
US->BR,291419,,129679,47689,171.9,3.64,"2026-06,2026-07,2026-08",18.60482229822191
US->BR,291611,,615638,185058,232.7,3.18,"2026-06,2026-07,2026-08",18.432662615790104
US->BR,281610,,164241,37430,338.8,3.49,"2026-06,2026-07,2026-08",18.19612130991578
US->BR,842131,,2023706,1452976,39.3,2.8,"2026-06,2026-07,2026-08",17.685645669927247
US->BR,681513,,415783,133196,212.2,3.14,"2026-06,2026-07,2026-08",17.664847129600574
US->BR,841981,,1301234,496876,161.9,2.89,"2026-06,2026-07,2026-08",17.644346730895613
US->BR,722220,,551919,204083,170.4,3.07,"2026-06,2026-07,2026-08",17.62313681140592
US->BR,481092,,156191,22872,582.9,3.38,"2026-06,2026-07,2026-08",17.53895393237804
US->BR,820559,,1020508,612074,66.7,2.9,"2026-06,2026-07,2026-08",17.411324290720955
US->BR,080212,,2342782,1515563,54.6,2.73,"2026-06,2026-07,2026-08",17.40388683860564
US->BR,284442,,104565,63277,65.2,3.45,"2026-06,2026-07,2026-08",17.307173257617475
US->BR,845530,,132955,21069,531.0,3.37,"2026-06,2026-07,2026-08",17.283612817217247
US->BR,840991,,4936683,3339452,47.8,2.57,"2026-06,2026-07,2026-08",17.214001926487118
US->BR,390230,,2467129,1337753,84.4,2.69,"2026-06,2026-07,2026-08",17.191222895713498
US->BR,940592,,175741,63732,175.7,3.27,"2026-06,2026-07,2026-08",17.139250660722116
US->BR,848190,,5542690,4272945,29.7,2.53,"2026-06,2026-07,2026-08",17.08177924072634
US->BR,290539,,1950913,1129814,72.7,2.69,"2026-06,2026-07,2026-08",16.90606007552638
US->BR,820770,,343673,146133,135.2,3.03,"2026-06,2026-07,2026-08",16.768991125326423
US->BR,392190,,2099261,1322858,58.7,2.65,"2026-06,2026-07,2026-08",16.768443539194926
US->BR,390390,,2798991,1729870,61.8,2.58,"2026-06,2026-07,2026-08",16.65372122821184
US->BR,852560,,380999,138872,174.4,2.96,"2026-06,2026-07,2026-08",16.535324034544885
US->BR,854290,,128710,17370,641.0,3.24,"2026-06,2026-07,2026-08",16.531183020613334
US->BR,901890,,19456001,13383256,45.4,2.26,"2026-06,2026-07,2026-08",16.470758176203496
US->BR,293890,,252611,74435,239.4,3.04,"2026-06,2026-07,2026-08",16.43487626867008
US->BR,850730,,880520,343863,156.1,2.73,"2026-06,2026-07,2026-08",16.218397395782503
US->BR,843890,,1040844,615903,69.0,2.69,"2026-06,2026-07,2026-08",16.19241878074631
US->BR,284321,,245030,58895,316.0,2.98,"2026-06,2026-07,2026-08",16.07529898409891
US->BR,681512,,515615,143876,258.4,2.81,"2026-06,2026-07,2026-08",16.033041787731676
US->BR,710692,,227057,70668,221.3,2.95,"2026-06,2026-07,2026-08",15.782491266629789
US->BR,291639,,295662,131185,125.4,2.88,"2026-06,2026-07,2026-08",15.763304557827452
US->BR,851490,,363287,137931,163.4,2.83,"2026-06,2026-07,2026-08",15.745331843011027
US->BR,380400,,1851384,892682,107.4,2.51,"2026-06,2026-07,2026-08",15.743844945502177
US->BR,842489,,3958326,1665446,137.7,2.37,"2026-06,2026-07,2026-08",15.623780881920256
US->BR,870892,,993565,416353,138.6,2.6,"2026-06,2026-07,2026-08",15.619169863644887
US->BR,750300,,126674,12614,904.3,3.06,"2026-06,2026-07,2026-08",15.602879466708396
US->BR,291511,,405324,151671,167.2,2.76,"2026-06,2026-07,2026-08",15.478489504963228
US->BR,851140,,1491968,596210,150.2,2.49,"2026-06,2026-07,2026-08",15.363384422493246
US->BR,291219,,453775,184488,146.0,2.69,"2026-06,2026-07,2026-08",15.20086383981691
US->BR,842890,,1375531,420008,227.5,2.48,"2026-06,2026-07,2026-08",15.193567435477517
US->BR,820240,,339627,133553,154.3,2.74,"2026-06,2026-07,2026-08",15.154810147487693
US->BR,854231,,5956332,3818561,56.0,2.24,"2026-06,2026-07,2026-08",15.150085062918498
US->BR,841990,,1680674,775111,116.8,2.42,"2026-06,2026-07,2026-08",15.063172263792097
US->BR,870880,,659304,458726,43.7,2.57,"2026-06,2026-07,2026-08",14.959987446909423
US->BR,842121,,1252251,669894,86.9,2.43,"2026-06,2026-07,2026-08",14.788165042149506
US->BR,851150,,1162026,420522,176.3,2.43,"2026-06,2026-07,2026-08",14.714185145779881
US->BR,390220,,732740,144996,405.4,2.49,"2026-06,2026-07,2026-08",14.627745366087323
US->BR,902410,,292244,78399,272.8,2.62,"2026-06,2026-07,2026-08",14.34341086473836
US->BR,854370,,5845682,4617250,26.6,2.12,"2026-06,2026-07,2026-08",14.333185005331883
US->BR,481910,,185928,91149,104.0,2.71,"2026-06,2026-07,2026-08",14.272071113811522
US->BR,842123,,4485591,3509370,27.8,2.14,"2026-06,2026-07,2026-08",14.217893937578467
US->BR,848490,,1296613,947003,36.9,2.31,"2026-06,2026-07,2026-08",14.130375576958532
US->BR,284443,,491193,281376,74.6,2.36,"2026-06,2026-07,2026-08",13.418886154867092
US->BR,681519,,802264,360385,122.6,2.25,"2026-06,2026-07,2026-08",13.295472655611482
US->BR,390770,,316050,114723,175.5,2.4,"2026-06,2026-07,2026-08",13.21858125017139
US->BR,283640,,228524,69249,230.0,2.44,"2026-06,2026-07,2026-08",13.083829851730192
US->BR,850490,,1069245,622925,71.6,2.16,"2026-06,2026-07,2026-08",13.044330916996051
US->BR,690210,,642147,231881,176.9,2.23,"2026-06,2026-07,2026-08",12.965620424935219
US->BR,281830,,318521,133044,139.4,2.35,"2026-06,2026-07,2026-08",12.948407002190521
US->BR,391732,,1177389,749017,57.2,2.12,"2026-06,2026-07,2026-08",12.846398693572363
US->BR,847150,,13129048,6858314,91.4,1.77,"2026-06,2026-07,2026-08",12.584145360185016
US->BR,860210,,5637905,3597681,56.7,1.86,"2026-06,2026-07,2026-08",12.535309708319827
US->BR,282739,,608532,301557,101.8,2.17,"2026-06,2026-07,2026-08",12.529176606188422
US->BR,290129,,4047220,1997835,102.6,1.89,"2026-06,2026-07,2026-08",12.48471955358333
US->BR,290729,,236060,77278,205.5,2.31,"2026-06,2026-07,2026-08",12.43635791636855
US->BR,590900,,167895,110783,51.6,2.34,"2026-06,2026-07,2026-08",12.250156716580623
US->BR,381210,,271232,140101,93.6,2.23,"2026-06,2026-07,2026-08",12.10680919927025
US->BR,902131,,3868542,2556911,51.3,1.83,"2026-06,2026-07,2026-08",12.03206242711551
US->BR,210500,,347275,94823,266.2,2.14,"2026-06,2026-07,2026-08",11.848597521347411
US->BR,842410,,616300,297877,106.9,2.02,"2026-06,2026-07,2026-08",11.70543246594686
US->BR,382440,,451712,261489,72.7,2.06,"2026-06,2026-07,2026-08",11.653593171161432
US->BR,392350,,1531733,914339,67.5,1.88,"2026-06,2026-07,2026-08",11.625755431470493
US->BR,902140,,859441,497097,72.9,1.95,"2026-06,2026-07,2026-08",11.591997055944555
US->BR,902300,,780639,424267,84.0,1.96,"2026-06,2026-07,2026-08",11.555347177663728
US->BR,930591,,159402,52414,204.1,2.21,"2026-06,2026-07,2026-08",11.475635964503837
US->BR,820600,,175497,59771,193.6,2.18,"2026-06,2026-07,2026-08",11.439493552447631
US->BR,841381,,2137146,1393258,53.4,1.77,"2026-06,2026-07,2026-08",11.235305636329386
US->BR,731290,,509174,271665,87.4,1.96,"2026-06,2026-07,2026-08",11.209510056281028
US->BR,391390,,1416393,761009,86.1,1.82,"2026-06,2026-07,2026-08",11.2081726057757
US->BR,960330,,134942,35834,276.6,2.18,"2026-06,2026-07,2026-08",11.169558090549085
US->BR,854710,,680628,377346,80.4,1.9,"2026-06,2026-07,2026-08",11.081032713327765
US->BR,902190,,5600370,3715672,50.7,1.62,"2026-06,2026-07,2026-08",10.946141749040311
US->BR,820830,,433864,252957,71.5,1.94,"2026-06,2026-07,2026-08",10.930272567548817
US->BR,300590,,890042,398564,123.3,1.84,"2026-06,2026-07,2026-08",10.920745999618399
US->BR,293090,,5751121,3484302,65.1,1.61,"2026-06,2026-07,2026-08",10.916976022996824
US->BR,847780,,1539768,368499,317.8,1.76,"2026-06,2026-07,2026-08",10.879651442289404
US->BR,854720,,301043,196395,53.3,1.98,"2026-06,2026-07,2026-08",10.853004775897857
US->BR,282749,,159985,38229,318.5,2.08,"2026-06,2026-07,2026-08",10.848971780842605
US->BR,310280,,2052910,881592,132.9,1.7,"2026-06,2026-07,2026-08",10.741060169045944
US->BR,400220,,8154820,5145137,58.5,1.55,"2026-06,2026-07,2026-08",10.729597965192696
US->BR,291613,,551784,217295,153.9,1.86,"2026-06,2026-07,2026-08",10.693122235336963
US->BR,570310,,136795,85748,59.5,2.07,"2026-06,2026-07,2026-08",10.623797274403792
US->BR,690320,,325771,149072,118.5,1.92,"2026-06,2026-07,2026-08",10.604146465972958
US->BR,680510,,216297,139453,55.1,1.97,"2026-06,2026-07,2026-08",10.50590002495367
US->BR,292419,,887322,400467,121.6,1.72,"2026-06,2026-07,2026-08",10.255576546354462
US->BR,732490,,157377,78600,100.2,1.97,"2026-06,2026-07,2026-08",10.213587541765213
US->BR,292111,,1054964,425536,147.9,1.7,"2026-06,2026-07,2026-08",10.209549227603278
US->BR,842839,,1794924,725115,147.5,1.63,"2026-06,2026-07,2026-08",10.186676558756934
US->BR,220890,,232907,94701,145.9,1.9,"2026-06,2026-07,2026-08",10.176543073002318
US->BR,290410,,170101,90121,88.7,1.95,"2026-06,2026-07,2026-08",10.17551442959154
US->BR,121020,,2268884,1247258,81.9,1.59,"2026-06,2026-07,2026-08",10.09499905970504
US->BR,292122,,2930446,903948,224.2,1.56,"2026-06,2026-07,2026-08",10.068045282530289
US->BR,480451,,374386,132893,181.7,1.78,"2026-06,2026-07,2026-08",9.92276186786943
US->BR,320910,,590141,307799,91.7,1.72,"2026-06,2026-07,2026-08",9.911427809175807
US->BR,280469,,248364,48801,408.9,1.81,"2026-06,2026-07,2026-08",9.77214189606479
US->BR,293339,,16879521,8434504,100.1,1.34,"2026-06,2026-07,2026-08",9.697313798241963
US->BR,840790,,1219903,578781,110.8,1.59,"2026-06,2026-07,2026-08",9.694857192921132
US->BR,854320,,564041,264220,113.5,1.68,"2026-06,2026-07,2026-08",9.686616190729714
US->BR,292119,,865909,424378,104.0,1.63,"2026-06,2026-07,2026-08",9.67467362118047
US->BR,320720,,171345,90378,89.6,1.84,"2026-06,2026-07,2026-08",9.65249599660964
US->BR,851590,,652091,389278,67.5,1.66,"2026-06,2026-07,2026-08",9.638462534567713
US->BR,281122,,717933,453202,58.4,1.64,"2026-06,2026-07,2026-08",9.58826979706985
US->BR,300510,,1233681,650988,89.5,1.57,"2026-06,2026-07,2026-08",9.559653317638107
US->BR,851439,,464249,189037,145.6,1.68,"2026-06,2026-07,2026-08",9.545563270958038
US->BR,821290,,541190,319216,69.5,1.66,"2026-06,2026-07,2026-08",9.529967706215906
US->BR,730690,,1916876,873394,119.5,1.51,"2026-06,2026-07,2026-08",9.456734265432793
US->BR,901480,,497307,322547,54.2,1.65,"2026-06,2026-07,2026-08",9.427416351417103
US->BR,080929,,971196,316163,207.2,1.57,"2026-06,2026-07,2026-08",9.40346696441831
US->BR,290516,,4058765,2121828,91.3,1.42,"2026-06,2026-07,2026-08",9.401164664154267
US->BR,901819,,2119614,1350789,56.9,1.46,"2026-06,2026-07,2026-08",9.2578118579689
US->BR,350790,,6549961,4044734,61.9,1.36,"2026-06,2026-07,2026-08",9.253845941371171
US->BR,292320,,584580,322504,81.3,1.6,"2026-06,2026-07,2026-08",9.233076538912721
US->BR,851531,,810002,358682,125.8,1.56,"2026-06,2026-07,2026-08",9.221167948966553
US->BR,901290,,404263,150891,167.9,1.64,"2026-06,2026-07,2026-08",9.198230334225075
US->BR,180620,,246712,89574,175.4,1.69,"2026-06,2026-07,2026-08",9.11882168410165
US->BR,845129,,170046,78292,117.2,1.73,"2026-06,2026-07,2026-08",9.072736206171925
US->BR,400211,,458639,263923,73.8,1.56,"2026-06,2026-07,2026-08",8.856691588083754
US->BR,841690,,1165214,619592,88.1,1.45,"2026-06,2026-07,2026-08",8.776560214677984
US->BR,480700,,136206,42119,223.4,1.69,"2026-06,2026-07,2026-08",8.682076789228233
US->BR,940320,,290300,158744,82.9,1.59,"2026-06,2026-07,2026-08",8.66353666135863
US->BR,850140,,307621,193554,58.9,1.57,"2026-06,2026-07,2026-08",8.622955926699985
US->BR,283699,,108925,39010,179.2,1.69,"2026-06,2026-07,2026-08",8.529571180705473
US->BR,290315,,8463649,5235709,61.7,1.23,"2026-06,2026-07,2026-08",8.524904098204797
US->BR,400299,,2041408,1319026,54.8,1.34,"2026-06,2026-07,2026-08",8.483437414989497
US->BR,848710,,306078,163007,87.8,1.53,"2026-06,2026-07,2026-08",8.41157834559192
US->BR,350699,,189249,119604,58.2,1.58,"2026-06,2026-07,2026-08",8.312283806774845
US->BR,843880,,370834,121989,204.0,1.49,"2026-06,2026-07,2026-08",8.27134967860072
US->BR,560130,,112722,28406,296.8,1.63,"2026-06,2026-07,2026-08",8.238077257162661
US->BR,851090,,112815,52289,115.8,1.63,"2026-06,2026-07,2026-08",8.23674060906426
US->BR,390421,,254712,102260,149.1,1.5,"2026-06,2026-07,2026-08",8.132784519913907
US->BR,920930,,322240,213479,50.9,1.47,"2026-06,2026-07,2026-08",8.090733936389368
US->BR,271112,,39334896,17723382,121.9,1.06,"2026-06,2026-07,2026-08",8.053049992547862
US->BR,870195,,11930633,6340754,88.2,1.13,"2026-06,2026-07,2026-08",8.017908382370036
US->BR,854129,,284054,168316,68.8,1.47,"2026-06,2026-07,2026-08",7.999537334014414
US->BR,902820,,218353,113962,91.6,1.49,"2026-06,2026-07,2026-08",7.967674044198224
US->BR,750620,,18617528,8113498,129.5,1.09,"2026-06,2026-07,2026-08",7.938758269866019
US->BR,401390,,128251,69485,84.6,1.55,"2026-06,2026-07,2026-08",7.909001049454706
US->BR,750720,,617708,362782,70.3,1.36,"2026-06,2026-07,2026-08",7.874788845644962
US->BR,681511,,176762,73768,139.6,1.5,"2026-06,2026-07,2026-08",7.855375946422142
US->BR,900190,,155243,88065,76.3,1.51,"2026-06,2026-07,2026-08",7.82648985577323
US->BR,330190,,224187,136611,64.1,1.45,"2026-06,2026-07,2026-08",7.784150195036875
US->BR,843680,,1611045,727913,121.3,1.24,"2026-06,2026-07,2026-08",7.710288383442836
US->BR,901320,,323719,140471,130.5,1.38,"2026-06,2026-07,2026-08",7.601046691730734
US->BR,843820,,136118,34992,289.0,1.47,"2026-06,2026-07,2026-08",7.5552787608408565
US->BR,390422,,1120358,695236,61.1,1.24,"2026-06,2026-07,2026-08",7.496469504575806
US->BR,291524,,259175,141846,82.7,1.38,"2026-06,2026-07,2026-08",7.478826214234889
US->BR,903040,,345545,196759,75.6,1.34,"2026-06,2026-07,2026-08",7.402986612995465
US->BR,851850,,195100,109271,78.5,1.4,"2026-06,2026-07,2026-08",7.394444214309344
US->BR,291619,,111515,65940,69.1,1.46,"2026-06,2026-07,2026-08",7.36969869642008
US->BR,820411,,115276,72255,59.5,1.45,"2026-06,2026-07,2026-08",7.344768035232195
US->BR,392410,,176359,83291,111.7,1.4,"2026-06,2026-07,2026-08",7.323024047001954
US->BR,390210,,1120229,729153,53.6,1.2,"2026-06,2026-07,2026-08",7.283098670853568
US->BR,851020,,233587,142942,63.4,1.35,"2026-06,2026-07,2026-08",7.2396213906135625
US->BR,830150,,118942,67484,76.3,1.41,"2026-06,2026-07,2026-08",7.1366830195602144
US->BR,400811,,193316,112443,71.9,1.34,"2026-06,2026-07,2026-08",7.067054328723093
US->BR,400231,,309973,118861,160.8,1.28,"2026-06,2026-07,2026-08",7.041834512846293
US->BR,330510,,197456,108207,82.5,1.31,"2026-06,2026-07,2026-08",6.937311052893599
US->BR,290941,,1540706,1019516,51.1,1.11,"2026-06,2026-07,2026-08",6.867181479315586
US->BR,901180,,167457,85570,95.7,1.31,"2026-06,2026-07,2026-08",6.865160018641216
US->BR,290345,,1059894,458399,131.2,1.11,"2026-06,2026-07,2026-08",6.666004687508251
US->BR,160300,,108497,41632,160.6,1.3,"2026-06,2026-07,2026-08",6.559251228373993
US->BR,681599,,102055,51609,97.7,1.3,"2026-06,2026-07,2026-08",6.532964133885847
US->BR,390461,,476525,296458,60.7,1.14,"2026-06,2026-07,2026-08",6.45921207310147
US->BR,130219,,725452,445949,62.7,1.1,"2026-06,2026-07,2026-08",6.454410375545582
US->BR,730490,,133659,88395,51.2,1.23,"2026-06,2026-07,2026-08",6.312859937933539
US->BR,392490,,163516,68351,139.2,1.19,"2026-06,2026-07,2026-08",6.218433412176648
US->BR,320820,,563658,375608,50.1,1.07,"2026-06,2026-07,2026-08",6.175427173656299
US->BR,482190,,109814,72731,51.0,1.22,"2026-06,2026-07,2026-08",6.170304358650496
US->BR,880212,,8472775,2934068,188.8,0.87,"2026-06,2026-07,2026-08",6.0294990074730235
US->BR,901580,,1255956,799114,57.2,0.99,"2026-06,2026-07,2026-08",6.012410204323999
US->BR,293399,,19935645,13048002,52.8,0.82,"2026-06,2026-07,2026-08",5.964978268000628
US->BR,380899,,5884915,3776170,55.8,0.87,"2026-06,2026-07,2026-08",5.89197514295048
US->BR,844332,,447824,234452,91.0,1.02,"2026-06,2026-07,2026-08",5.744602220248
US->BR,340111,,103950,49480,110.1,1.11,"2026-06,2026-07,2026-08",5.584662326983635
US->BR,390940,,509169,326179,56.1,0.97,"2026-06,2026-07,2026-08",5.557511474293052
US->BR,890331,,333215,128266,159.8,1.0,"2026-06,2026-07,2026-08",5.5487753005782094
US->BR,600622,,287561,189308,51.9,1.01,"2026-06,2026-07,2026-08",5.494086945335349
US->BR,380991,,195101,121088,61.1,1.04,"2026-06,2026-07,2026-08",5.4862555804523865
US->BR,520100,,194203,125786,54.4,1.03,"2026-06,2026-07,2026-08",5.46609221583397
US->BR,291612,,971179,575286,68.8,0.91,"2026-06,2026-07,2026-08",5.439894859672596
US->BR,210120,,170448,98095,73.8,1.03,"2026-06,2026-07,2026-08",5.406579944814445
US->BR,843710,,406820,206059,97.4,0.96,"2026-06,2026-07,2026-08",5.390425423615952
US->BR,810690,,117511,45618,157.6,1.05,"2026-06,2026-07,2026-08",5.333442372330207
US->BR,760692,,140305,70400,99.3,1.01,"2026-06,2026-07,2026-08",5.195256909381707
US->BR,282550,,269596,123302,118.6,0.95,"2026-06,2026-07,2026-08",5.179558488780169
US->BR,090121,,335991,213947,57.0,0.94,"2026-06,2026-07,2026-08",5.170930737397705
US->BR,340391,,113540,69122,64.3,1.02,"2026-06,2026-07,2026-08",5.169490789874025
US->BR,843311,,396700,195955,102.4,0.91,"2026-06,2026-07,2026-08",5.078270531088737
US->BR,590699,,216420,140633,53.9,0.93,"2026-06,2026-07,2026-08",4.935357127528625
US->BR,851761,,899670,502267,79.1,0.79,"2026-06,2026-07,2026-08",4.707402162194936
US->BR,930400,,3625402,2163142,67.6,0.71,"2026-06,2026-07,2026-08",4.679698604977613
US->BR,340600,,147451,60442,144.0,0.9,"2026-06,2026-07,2026-08",4.658972170461836
US->BR,902480,,1176678,743928,58.2,0.77,"2026-06,2026-07,2026-08",4.64742710087671
US->BR,291229,,248855,159432,56.1,0.85,"2026-06,2026-07,2026-08",4.609562853278418
US->BR,293020,,143121,74560,92.0,0.88,"2026-06,2026-07,2026-08",4.543283644813717
US->BR,320412,,290119,120281,141.2,0.83,"2026-06,2026-07,2026-08",4.537217671158581
US->BR,810520,,142435,80145,77.7,0.87,"2026-06,2026-07,2026-08",4.490633974774411
US->BR,290713,,108318,61352,76.5,0.89,"2026-06,2026-07,2026-08",4.485199853309275
US->BR,843360,,223821,83284,168.7,0.84,"2026-06,2026-07,2026-08",4.481920847960899
US->BR,845611,,178997,98723,81.3,0.84,"2026-06,2026-07,2026-08",4.416189406393978
US->BR,810210,,136460,77128,76.9,0.86,"2026-06,2026-07,2026-08",4.400819521582485
US->BR,730830,,110269,57339,92.3,0.84,"2026-06,2026-07,2026-08",4.244963795998275
US->BR,841480,,6109321,3960892,54.2,0.62,"2026-06,2026-07,2026-08",4.2155671346059345
US->BR,283090,,385472,194194,98.5,0.74,"2026-06,2026-07,2026-08",4.155392259188189
US->BR,130232,,454242,280966,61.7,0.73,"2026-06,2026-07,2026-08",4.114479887549941
US->BR,330113,,116501,69361,68.0,0.81,"2026-06,2026-07,2026-08",4.108630843386578
US->BR,291720,,144071,87545,64.6,0.8,"2026-06,2026-07,2026-08",4.105108079646235
US->BR,390469,,2937771,1919549,53.0,0.63,"2026-06,2026-07,2026-08",4.099513588077955
US->BR,843780,,1038459,508613,104.2,0.68,"2026-06,2026-07,2026-08",4.075473694443872
US->BR,902214,,2224859,1421216,56.5,0.64,"2026-06,2026-07,2026-08",4.053618370297631
US->BR,890332,,194030,84038,130.9,0.76,"2026-06,2026-07,2026-08",4.024764566993873
US->BR,843050,,196288,64442,204.6,0.75,"2026-06,2026-07,2026-08",3.958098059668163
US->BR,293214,,2554555,1637299,56.0,0.62,"2026-06,2026-07,2026-08",3.9426343157460004
US->BR,285000,,107082,68774,55.7,0.78,"2026-06,2026-07,2026-08",3.9379687685429734
US->BR,845811,,193329,116846,65.5,0.74,"2026-06,2026-07,2026-08",3.8888202257626125
US->BR,151560,,133699,44620,199.6,0.75,"2026-06,2026-07,2026-08",3.8264491542561037
US->BR,291413,,135617,43224,213.8,0.75,"2026-06,2026-07,2026-08",3.824770885242337
US->BR,284420,,810378,325206,149.2,0.65,"2026-06,2026-07,2026-08",3.823083116834732
US->BR,481190,,236267,154201,53.2,0.71,"2026-06,2026-07,2026-08",3.822191312528604
US->BR,850980,,238822,111195,114.8,0.69,"2026-06,2026-07,2026-08",3.7350453524467073
US->BR,680422,,233573,150996,54.7,0.69,"2026-06,2026-07,2026-08",3.7169939782449597
US->BR,420212,,459088,285839,60.6,0.64,"2026-06,2026-07,2026-08",3.6300461676450424
US->BR,880629,,143972,43858,228.3,0.7,"2026-06,2026-07,2026-08",3.6231714209488954
US->BR,382313,,305879,187229,63.4,0.66,"2026-06,2026-07,2026-08",3.622346155323055
US->BR,292217,,312586,164690,89.8,0.64,"2026-06,2026-07,2026-08",3.506688349975557
US->BR,700220,,395003,259864,52.0,0.62,"2026-06,2026-07,2026-08",3.4898995192817877
US->BR,390430,,128823,78353,64.4,0.68,"2026-06,2026-07,2026-08",3.456144950467605
US->BR,392091,,557154,329717,69.0,0.59,"2026-06,2026-07,2026-08",3.4142604476757383
US->BR,294190,,1767444,1073358,64.7,0.53,"2026-06,2026-07,2026-08",3.2800283033108277
US->BR,350110,,184478,117576,56.9,0.6,"2026-06,2026-07,2026-08",3.185603722480772
US->BR,290351,,281492,153530,83.3,0.52,"2026-06,2026-07,2026-08",2.8152765590224025
US->BR,540219,,898484,581326,54.6,0.47,"2026-06,2026-07,2026-08",2.7685343927691215
US->BR,902150,,108677,67533,60.9,0.54,"2026-06,2026-07,2026-08",2.7218127849995524
US->BR,741110,,155262,73025,112.6,0.52,"2026-06,2026-07,2026-08",2.717258415116243
US->BR,310520,,264501,164439,60.9,0.48,"2026-06,2026-07,2026-08",2.6173464626982574
US->BR,392043,,116179,68040,70.8,0.5,"2026-06,2026-07,2026-08",2.5234950749307217
US->BR,040210,,322084,201267,60.0,0.44,"2026-06,2026-07,2026-08",2.4345614506618083
US->BR,870421,,115252,72123,59.8,0.47,"2026-06,2026-07,2026-08",2.354223717759618
US->BR,310100,,127623,84043,51.9,0.43,"2026-06,2026-07,2026-08",2.21918923204409
US->BR,120999,,113317,59595,90.1,0.34,"2026-06,2026-07,2026-08",1.7291190804972651
US->BR,842919,,891530,593258,50.3,0.29,"2026-06,2026-07,2026-08",1.7246459470711117
US->BR,940690,,264858,154773,71.1,0.31,"2026-06,2026-07,2026-08",1.677747608346414
US->BR,850239,,19998722,12592440,58.8,0.18,"2026-06,2026-07,2026-08",1.3185243272980676
